package tmp

var TIM_CUS = []byte{
0xff,0xd8,0xff,0xe1,0x01,0x0a,0x45,0x78,0x69,0x66,0x00,0x00,0x4d,0x4d,0x00,0x2a,
0x00,0x00,0x00,0x08,0x00,0x07,0x01,0x12,0x00,0x03,0x00,0x00,0x00,0x01,0x00,0x01,
0x00,0x00,0x01,0x1a,0x00,0x05,0x00,0x00,0x00,0x01,0x00,0x00,0x00,0x62,0x01,0x1b,
0x00,0x05,0x00,0x00,0x00,0x01,0x00,0x00,0x00,0x6a,0x01,0x28,0x00,0x03,0x00,0x00,
0x00,0x01,0x00,0x02,0x00,0x00,0x01,0x32,0x00,0x02,0x00,0x00,0x00,0x14,0x00,0x00,
0x00,0x72,0x02,0x13,0x00,0x03,0x00,0x00,0x00,0x01,0x00,0x01,0x00,0x00,0x87,0x69,
0x00,0x04,0x00,0x00,0x00,0x01,0x00,0x00,0x00,0x86,0x00,0x00,0x00,0x00,0x00,0x00,
0x00,0x48,0x00,0x00,0x00,0x01,0x00,0x00,0x00,0x48,0x00,0x00,0x00,0x01,0x32,0x30,
0x32,0x32,0x3a,0x30,0x34,0x3a,0x32,0x30,0x20,0x31,0x36,0x3a,0x33,0x33,0x3a,0x30,
0x39,0x00,0x00,0x08,0x90,0x00,0x00,0x07,0x00,0x00,0x00,0x04,0x30,0x32,0x32,0x31,
0x90,0x04,0x00,0x02,0x00,0x00,0x00,0x14,0x00,0x00,0x00,0xec,0x91,0x01,0x00,0x07,
0x00,0x00,0x00,0x04,0x01,0x02,0x03,0x00,0xa0,0x00,0x00,0x07,0x00,0x00,0x00,0x04,
0x30,0x31,0x30,0x30,0xa0,0x01,0x00,0x03,0x00,0x00,0x00,0x01,0x00,0x01,0x00,0x00,
0xa0,0x02,0x00,0x04,0x00,0x00,0x00,0x01,0x00,0x00,0x02,0x27,0xa0,0x03,0x00,0x04,
0x00,0x00,0x00,0x01,0x00,0x00,0x03,0x13,0xa4,0x06,0x00,0x03,0x00,0x00,0x00,0x01,
0x00,0x00,0x00,0x00,0x00,0x00,0x00,0x00,0x32,0x30,0x32,0x32,0x3a,0x30,0x34,0x3a,
0x32,0x30,0x20,0x31,0x36,0x3a,0x32,0x36,0x3a,0x33,0x39,0x00,0x00,0x00,0xff,0xed,
0x00,0x64,0x50,0x68,0x6f,0x74,0x6f,0x73,0x68,0x6f,0x70,0x20,0x33,0x2e,0x30,0x00,
0x38,0x42,0x49,0x4d,0x04,0x04,0x00,0x00,0x00,0x00,0x00,0x2c,0x1c,0x01,0x5a,0x00,
0x03,0x1b,0x25,0x47,0x1c,0x02,0x00,0x00,0x02,0x00,0x02,0x1c,0x02,0x3e,0x00,0x08,
0x32,0x30,0x32,0x32,0x30,0x34,0x32,0x30,0x1c,0x02,0x3f,0x00,0x0b,0x31,0x36,0x32,
0x36,0x33,0x39,0x2b,0x30,0x37,0x30,0x30,0x38,0x42,0x49,0x4d,0x04,0x25,0x00,0x00,
0x00,0x00,0x00,0x10,0x63,0x08,0xe4,0xef,0x7d,0x6c,0xc0,0x5a,0x62,0xbe,0x7c,0xa8,
0x5a,0x58,0xc5,0x07,0xff,0xdb,0x00,0x84,0x00,0x01,0x01,0x01,0x01,0x01,0x01,0x02,
0x01,0x01,0x02,0x03,0x02,0x02,0x02,0x03,0x04,0x03,0x03,0x03,0x03,0x04,0x05,0x04,
0x04,0x04,0x04,0x04,0x05,0x06,0x05,0x05,0x05,0x05,0x05,0x05,0x06,0x06,0x06,0x06,
0x06,0x06,0x06,0x06,0x07,0x07,0x07,0x07,0x07,0x07,0x08,0x08,0x08,0x08,0x08,0x09,
0x09,0x09,0x09,0x09,0x09,0x09,0x09,0x09,0x09,0x01,0x01,0x01,0x01,0x02,0x02,0x02,
0x04,0x02,0x02,0x04,0x09,0x06,0x05,0x06,0x09,0x09,0x09,0x09,0x09,0x09,0x09,0x09,
0x09,0x09,0x09,0x09,0x09,0x09,0x09,0x09,0x09,0x09,0x09,0x09,0x09,0x09,0x09,0x09,
0x09,0x09,0x09,0x09,0x09,0x09,0x09,0x09,0x09,0x09,0x09,0x09,0x09,0x09,0x09,0x09,
0x09,0x09,0x09,0x09,0x09,0x09,0x09,0x09,0x09,0x09,0xff,0xdd,0x00,0x04,0x00,0x23,
0xff,0xc0,0x00,0x11,0x08,0x03,0x13,0x02,0x27,0x03,0x01,0x22,0x00,0x02,0x11,0x01,
0x03,0x11,0x01,0xff,0xc4,0x01,0xa2,0x00,0x00,0x01,0x05,0x01,0x01,0x01,0x01,0x01,
0x01,0x00,0x00,0x00,0x00,0x00,0x00,0x00,0x00,0x01,0x02,0x03,0x04,0x05,0x06,0x07,
0x08,0x09,0x0a,0x0b,0x10,0x00,0x02,0x01,0x03,0x03,0x02,0x04,0x03,0x05,0x05,0x04,
0x04,0x00,0x00,0x01,0x7d,0x01,0x02,0x03,0x00,0x04,0x11,0x05,0x12,0x21,0x31,0x41,
0x06,0x13,0x51,0x61,0x07,0x22,0x71,0x14,0x32,0x81,0x91,0xa1,0x08,0x23,0x42,0xb1,
0xc1,0x15,0x52,0xd1,0xf0,0x24,0x33,0x62,0x72,0x82,0x09,0x0a,0x16,0x17,0x18,0x19,
0x1a,0x25,0x26,0x27,0x28,0x29,0x2a,0x34,0x35,0x36,0x37,0x38,0x39,0x3a,0x43,0x44,
0x45,0x46,0x47,0x48,0x49,0x4a,0x53,0x54,0x55,0x56,0x57,0x58,0x59,0x5a,0x63,0x64,
0x65,0x66,0x67,0x68,0x69,0x6a,0x73,0x74,0x75,0x76,0x77,0x78,0x79,0x7a,0x83,0x84,
0x85,0x86,0x87,0x88,0x89,0x8a,0x92,0x93,0x94,0x95,0x96,0x97,0x98,0x99,0x9a,0xa2,
0xa3,0xa4,0xa5,0xa6,0xa7,0xa8,0xa9,0xaa,0xb2,0xb3,0xb4,0xb5,0xb6,0xb7,0xb8,0xb9,
0xba,0xc2,0xc3,0xc4,0xc5,0xc6,0xc7,0xc8,0xc9,0xca,0xd2,0xd3,0xd4,0xd5,0xd6,0xd7,
0xd8,0xd9,0xda,0xe1,0xe2,0xe3,0xe4,0xe5,0xe6,0xe7,0xe8,0xe9,0xea,0xf1,0xf2,0xf3,
0xf4,0xf5,0xf6,0xf7,0xf8,0xf9,0xfa,0x01,0x00,0x03,0x01,0x01,0x01,0x01,0x01,0x01,
0x01,0x01,0x01,0x00,0x00,0x00,0x00,0x00,0x00,0x01,0x02,0x03,0x04,0x05,0x06,0x07,
0x08,0x09,0x0a,0x0b,0x11,0x00,0x02,0x01,0x02,0x04,0x04,0x03,0x04,0x07,0x05,0x04,
0x04,0x00,0x01,0x02,0x77,0x00,0x01,0x02,0x03,0x11,0x04,0x05,0x21,0x31,0x06,0x12,
0x41,0x51,0x07,0x61,0x71,0x13,0x22,0x32,0x81,0x08,0x14,0x42,0x91,0xa1,0xb1,0xc1,
0x09,0x23,0x33,0x52,0xf0,0x15,0x62,0x72,0xd1,0x0a,0x16,0x24,0x34,0xe1,0x25,0xf1,
0x17,0x18,0x19,0x1a,0x26,0x27,0x28,0x29,0x2a,0x35,0x36,0x37,0x38,0x39,0x3a,0x43,
0x44,0x45,0x46,0x47,0x48,0x49,0x4a,0x53,0x54,0x55,0x56,0x57,0x58,0x59,0x5a,0x63,
0x64,0x65,0x66,0x67,0x68,0x69,0x6a,0x73,0x74,0x75,0x76,0x77,0x78,0x79,0x7a,0x82,
0x83,0x84,0x85,0x86,0x87,0x88,0x89,0x8a,0x92,0x93,0x94,0x95,0x96,0x97,0x98,0x99,
0x9a,0xa2,0xa3,0xa4,0xa5,0xa6,0xa7,0xa8,0xa9,0xaa,0xb2,0xb3,0xb4,0xb5,0xb6,0xb7,
0xb8,0xb9,0xba,0xc2,0xc3,0xc4,0xc5,0xc6,0xc7,0xc8,0xc9,0xca,0xd2,0xd3,0xd4,0xd5,
0xd6,0xd7,0xd8,0xd9,0xda,0xe2,0xe3,0xe4,0xe5,0xe6,0xe7,0xe8,0xe9,0xea,0xf2,0xf3,
0xf4,0xf5,0xf6,0xf7,0xf8,0xf9,0xfa,0xff,0xda,0x00,0x0c,0x03,0x01,0x00,0x02,0x11,
0x03,0x11,0x00,0x3f,0x00,0xfe,0xfe,0x28,0xa2,0xb9,0x7f,0x15,0x78,0xab,0xc2,0xde,
0x01,0xf0,0xb6,0xa5,0xe3,0x9f,0x1c,0xea,0x56,0x9a,0x2e,0x89,0xa2,0xda,0x4d,0x7d,
0xa8,0x6a,0x17,0xd3,0x25,0xb5,0xad,0xa5,0xad,0xb2,0x19,0x66,0x9e,0x79,0xa5,0x2b,
0x1c,0x51,0x45,0x1a,0x97,0x77,0x72,0x15,0x14,0x12,0x48,0x02,0x80,0x3a,0x8a,0x2b,
0xf3,0xff,0x00,0xfe,0x1e,0xc3,0xff,0x00,0x04,0xb4,0xff,0x00,0xa3,0x95,0xf8,0x55,
0xff,0x00,0x85,0x96,0x89,0xff,0x00,0xc9,0x74,0x7f,0xc3,0xd8,0x7f,0xe0,0x96,0x9f,
0xf4,0x72,0xbf,0x0a,0xbf,0xf0,0xb2,0xd1,0x3f,0xf9,0x2e,0x80,0x3f,0x40,0x28,0xaf,
0xcf,0xff,0x00,0xf8,0x7b,0x0f,0xfc,0x12,0xd3,0xfe,0x8e,0x57,0xe1,0x57,0xfe,0x16,
0x5a,0x27,0xff,0x00,0x25,0xd1,0xff,0x00,0x0f,0x61,0xff,0x00,0x82,0x5a,0x7f,0xd1,
0xca,0xfc,0x2a,0xff,0x00,0xc2,0xcb,0x44,0xff,0x00,0xe4,0xba,0x00,0xfd,0x00,0xa2,
0xbf,0x3f,0xff,0x00,0xe1,0xec,0x3f,0xf0,0x4b,0x4f,0xfa,0x39,0x5f,0x85,0x5f,0xf8,
0x59,0x68,0x9f,0xfc,0x97,0x47,0xfc,0x3d,0x87,0xfe,0x09,0x69,0xff,0x00,0x47,0x2b,
0xf0,0xab,0xff,0x00,0x0b,0x2d,0x13,0xff,0x00,0x92,0xe8,0x03,0xf4,0x02,0x8a,0xfc,
0xff,0x00,0xff,0x00,0x87,0xb0,0xff,0x00,0xc1,0x2d,0x3f,0xe8,0xe5,0x7e,0x15,0x7f,
0xe1,0x65,0xa2,0x7f,0xf2,0x5d,0x1f,0xf0,0xf6,0x1f,0xf8,0x25,0xa7,0xfd,0x1c,0xaf,
0xc2,0xaf,0xfc,0x2c,0xb4,0x4f,0xfe,0x4b,0xa0,0x0f,0xd0,0x0a,0x2b,0xf3,0xff,0x00,
0xfe,0x1e,0xc3,0xff,0x00,0x04,0xb4,0xff,0x00,0xa3,0x95,0xf8,0x55,0xff,0x00,0x85,
0x96,0x89,0xff,0x00,0xc9,0x74,0x7f,0xc3,0xd8,0x7f,0xe0,0x96,0x9f,0xf4,0x72,0xbf,
0x0a,0xbf,0xf0,0xb2,0xd1,0x3f,0xf9,0x2e,0x80,0x3f,0x40,0x28,0xaf,0xcf,0xff,0x00,
0xf8,0x7b,0x0f,0xfc,0x12,0xd3,0xfe,0x8e,0x57,0xe1,0x57,0xfe,0x16,0x5a,0x27,0xff,
0x00,0x25,0xd1,0xff,0x00,0x0f,0x61,0xff,0x00,0x82,0x5a,0x7f,0xd1,0xca,0xfc,0x2a,
0xff,0x00,0xc2,0xcb,0x44,0xff,0x00,0xe4,0xba,0x00,0xfd,0x00,0xa2,0xbf,0x3f,0xff,
0x00,0xe1,0xec,0x3f,0xf0,0x4b,0x4f,0xfa,0x39,0x5f,0x85,0x5f,0xf8,0x59,0x68,0x9f,
0xfc,0x97,0x47,0xfc,0x3d,0x87,0xfe,0x09,0x69,0xff,0x00,0x47,0x2b,0xf0,0xab,0xff,
0x00,0x0b,0x2d,0x13,0xff,0x00,0x92,0xe8,0x03,0xf4,0x02,0x8a,0xfc,0xff,0x00,0xff,
0x00,0x87,0xb0,0xff,0x00,0xc1,0x2d,0x3f,0xe8,0xe5,0x7e,0x15,0x7f,0xe1,0x65,0xa2,
0x7f,0xf2,0x5d,0x1f,0xf0,0xf6,0x1f,0xf8,0x25,0xa7,0xfd,0x1c,0xaf,0xc2,0xaf,0xfc,
0x2c,0xb4,0x4f,0xfe,0x4b,0xa0,0x0f,0xd0,0x0a,0x2b,0xf3,0xff,0x00,0xfe,0x1e,0xc3,
0xff,0x00,0x04,0xb4,0xff,0x00,0xa3,0x95,0xf8,0x55,0xff,0x00,0x85,0x96,0x89,0xff,
0x00,0xc9,0x74,0x7f,0xc3,0xd8,0x7f,0xe0,0x96,0x9f,0xf4,0x72,0xbf,0x0a,0xbf,0xf0,
0xb2,0xd1,0x3f,0xf9,0x2e,0x80,0x3f,0x40,0x28,0xaf,0xcf,0xff,0x00,0xf8,0x7b,0x0f,
0xfc,0x12,0xd3,0xfe,0x8e,0x57,0xe1,0x57,0xfe,0x16,0x5a,0x27,0xff,0x00,0x25,0xd1,
0xff,0x00,0x0f,0x61,0xff,0x00,0x82,0x5a,0x7f,0xd1,0xca,0xfc,0x2a,0xff,0x00,0xc2,
0xcb,0x44,0xff,0x00,0xe4,0xba,0x00,0xfd,0x00,0xa2,0xbf,0x3f,0xff,0x00,0xe1,0xec,
0x3f,0xf0,0x4b,0x4f,0xfa,0x39,0x5f,0x85,0x5f,0xf8,0x59,0x68,0x9f,0xfc,0x97,0x47,
0xfc,0x3d,0x87,0xfe,0x09,0x69,0xff,0x00,0x47,0x2b,0xf0,0xab,0xff,0x00,0x0b,0x2d,
0x13,0xff,0x00,0x92,0xe8,0x03,0xf4,0x02,0x8a,0xfc,0xff,0x00,0xff,0x00,0x87,0xb0,
0xff,0x00,0xc1,0x2d,0x3f,0xe8,0xe5,0x7e,0x15,0x7f,0xe1,0x65,0xa2,0x7f,0xf2,0x5d,
0x1f,0xf0,0xf6,0x1f,0xf8,0x25,0xa7,0xfd,0x1c,0xaf,0xc2,0xaf,0xfc,0x2c,0xb4,0x4f,
0xfe,0x4b,0xa0,0x0f,0xd0,0x0a,0x2b,0xf3,0xff,0x00,0xfe,0x1e,0xc3,0xff,0x00,0x04,
0xb4,0xff,0x00,0xa3,0x95,0xf8,0x55,0xff,0x00,0x85,0x96,0x89,0xff,0x00,0xc9,0x74,
0x7f,0xc3,0xd8,0x7f,0xe0,0x96,0x9f,0xf4,0x72,0xbf,0x0a,0xbf,0xf0,0xb2,0xd1,0x3f,
0xf9,0x2e,0x80,0x3f,0x40,0x28,0xaf,0xcf,0xff,0x00,0xf8,0x7b,0x0f,0xfc,0x12,0xd3,
0xfe,0x8e,0x57,0xe1,0x57,0xfe,0x16,0x5a,0x27,0xff,0x00,0x25,0xd1,0xff,0x00,0x0f,
0x61,0xff,0x00,0x82,0x5a,0x7f,0xd1,0xca,0xfc,0x2a,0xff,0x00,0xc2,0xcb,0x44,0xff,
0x00,0xe4,0xba,0x00,0xfd,0x00,0xa2,0xbf,0x3f,0xff,0x00,0xe1,0xec,0x3f,0xf0,0x4b,
0x4f,0xfa,0x39,0x5f,0x85,0x5f,0xf8,0x59,0x68,0x9f,0xfc,0x97,0x47,0xfc,0x3d,0x87,
0xfe,0x09,0x69,0xff,0x00,0x47,0x2b,0xf0,0xab,0xff,0x00,0x0b,0x2d,0x13,0xff,0x00,
0x92,0xe8,0x03,0xf4,0x02,0x8a,0xfc,0xff,0x00,0xff,0x00,0x87,0xb0,0xff,0x00,0xc1,
0x2d,0x3f,0xe8,0xe5,0x7e,0x15,0x7f,0xe1,0x65,0xa2,0x7f,0xf2,0x5d,0x1f,0xf0,0xf6,
0x1f,0xf8,0x25,0xa7,0xfd,0x1c,0xaf,0xc2,0xaf,0xfc,0x2c,0xb4,0x4f,0xfe,0x4b,0xa0,
0x0f,0xd0,0x0a,0x2b,0xf3,0xff,0x00,0xfe,0x1e,0xc3,0xff,0x00,0x04,0xb4,0xff,0x00,
0xa3,0x95,0xf8,0x55,0xff,0x00,0x85,0x96,0x89,0xff,0x00,0xc9,0x74,0x7f,0xc3,0xd8,
0x7f,0xe0,0x96,0x9f,0xf4,0x72,0xbf,0x0a,0xbf,0xf0,0xb2,0xd1,0x3f,0xf9,0x2e,0x80,
0x3f,0x40,0x28,0xaf,0xcf,0xff,0x00,0xf8,0x7b,0x0f,0xfc,0x12,0xd3,0xfe,0x8e,0x57,
0xe1,0x57,0xfe,0x16,0x5a,0x27,0xff,0x00,0x25,0xd1,0xff,0x00,0x0f,0x61,0xff,0x00,
0x82,0x5a,0x7f,0xd1,0xca,0xfc,0x2a,0xff,0x00,0xc2,0xcb,0x44,0xff,0x00,0xe4,0xba,
0x00,0xfd,0x00,0xa2,0xbf,0x3f,0xff,0x00,0xe1,0xec,0x3f,0xf0,0x4b,0x4f,0xfa,0x39,
0x5f,0x85,0x5f,0xf8,0x59,0x68,0x9f,0xfc,0x97,0x47,0xfc,0x3d,0x87,0xfe,0x09,0x69,
0xff,0x00,0x47,0x2b,0xf0,0xab,0xff,0x00,0x0b,0x2d,0x13,0xff,0x00,0x92,0xe8,0x03,
0xf4,0x02,0x8a,0xfc,0xff,0x00,0xff,0x00,0x87,0xb0,0xff,0x00,0xc1,0x2d,0x3f,0xe8,
0xe5,0x7e,0x15,0x7f,0xe1,0x65,0xa2,0x7f,0xf2,0x5d,0x1f,0xf0,0xf6,0x1f,0xf8,0x25,
0xa7,0xfd,0x1c,0xaf,0xc2,0xaf,0xfc,0x2c,0xb4,0x4f,0xfe,0x4b,0xa0,0x0f,0xd0,0x0a,
0x2b,0xf3,0xff,0x00,0xfe,0x1e,0xc3,0xff,0x00,0x04,0xb4,0xff,0x00,0xa3,0x95,0xf8,
0x55,0xff,0x00,0x85,0x96,0x89,0xff,0x00,0xc9,0x74,0x7f,0xc3,0xd8,0x7f,0xe0,0x96,
0x9f,0xf4,0x72,0xbf,0x0a,0xbf,0xf0,0xb2,0xd1,0x3f,0xf9,0x2e,0x80,0x3f,0x40,0x28,
0xaf,0xcf,0xff,0x00,0xf8,0x7b,0x0f,0xfc,0x12,0xd3,0xfe,0x8e,0x57,0xe1,0x57,0xfe,
0x16,0x5a,0x27,0xff,0x00,0x25,0xd1,0xff,0x00,0x0f,0x61,0xff,0x00,0x82,0x5a,0x7f,
0xd1,0xca,0xfc,0x2a,0xff,0x00,0xc2,0xcb,0x44,0xff,0x00,0xe4,0xba,0x00,0xfd,0x00,
0xa2,0xbf,0x3f,0xff,0x00,0xe1,0xec,0x3f,0xf0,0x4b,0x4f,0xfa,0x39,0x5f,0x85,0x5f,
0xf8,0x59,0x68,0x9f,0xfc,0x97,0x47,0xfc,0x3d,0x87,0xfe,0x09,0x69,0xff,0x00,0x47,
0x2b,0xf0,0xab,0xff,0x00,0x0b,0x2d,0x13,0xff,0x00,0x92,0xe8,0x03,0xf4,0x02,0x8a,
0xfc,0xff,0x00,0xff,0x00,0x87,0xb0,0xff,0x00,0xc1,0x2d,0x3f,0xe8,0xe5,0x7e,0x15,
0x7f,0xe1,0x65,0xa2,0x7f,0xf2,0x5d,0x1f,0xf0,0xf6,0x1f,0xf8,0x25,0xa7,0xfd,0x1c,
0xaf,0xc2,0xaf,0xfc,0x2c,0xb4,0x4f,0xfe,0x4b,0xa0,0x0f,0xd0,0x0a,0x2b,0xf3,0xff,
0x00,0xfe,0x1e,0xc3,0xff,0x00,0x04,0xb4,0xff,0x00,0xa3,0x95,0xf8,0x55,0xff,0x00,
0x85,0x96,0x89,0xff,0x00,0xc9,0x74,0x7f,0xc3,0xd8,0x7f,0xe0,0x96,0x9f,0xf4,0x72,
0xbf,0x0a,0xbf,0xf0,0xb2,0xd1,0x3f,0xf9,0x2e,0x80,0x3f,0x40,0x28,0xaf,0xcf,0xff,
0x00,0xf8,0x7b,0x0f,0xfc,0x12,0xd3,0xfe,0x8e,0x57,0xe1,0x57,0xfe,0x16,0x5a,0x27,
0xff,0x00,0x25,0xd1,0xff,0x00,0x0f,0x61,0xff,0x00,0x82,0x5a,0x7f,0xd1,0xca,0xfc,
0x2a,0xff,0x00,0xc2,0xcb,0x44,0xff,0x00,0xe4,0xba,0x00,0xfd,0x00,0xa2,0xbf,0x3f,
0xff,0x00,0xe1,0xec,0x3f,0xf0,0x4b,0x4f,0xfa,0x39,0x5f,0x85,0x5f,0xf8,0x59,0x68,
0x9f,0xfc,0x97,0x47,0xfc,0x3d,0x87,0xfe,0x09,0x69,0xff,0x00,0x47,0x2b,0xf0,0xab,
0xff,0x00,0x0b,0x2d,0x13,0xff,0x00,0x92,0xe8,0x03,0xf4,0x02,0x8a,0xfc,0xff,0x00,
0xff,0x00,0x87,0xb0,0xff,0x00,0xc1,0x2d,0x3f,0xe8,0xe5,0x7e,0x15,0x7f,0xe1,0x65,
0xa2,0x7f,0xf2,0x5d,0x1f,0xf0,0xf6,0x1f,0xf8,0x25,0xa7,0xfd,0x1c,0xaf,0xc2,0xaf,
0xfc,0x2c,0xb4,0x4f,0xfe,0x4b,0xa0,0x0f,0xd0,0x0a,0x2b,0xf3,0xff,0x00,0xfe,0x1e,
0xc3,0xff,0x00,0x04,0xb4,0xff,0x00,0xa3,0x95,0xf8,0x55,0xff,0x00,0x85,0x96,0x89,
0xff,0x00,0xc9,0x74,0x7f,0xc3,0xd8,0x7f,0xe0,0x96,0x9f,0xf4,0x72,0xbf,0x0a,0xbf,
0xf0,0xb2,0xd1,0x3f,0xf9,0x2e,0x80,0x3f,0x40,0x28,0xaf,0xcf,0xff,0x00,0xf8,0x7b,
0x0f,0xfc,0x12,0xd3,0xfe,0x8e,0x57,0xe1,0x57,0xfe,0x16,0x5a,0x27,0xff,0x00,0x25,
0xd1,0xff,0x00,0x0f,0x61,0xff,0x00,0x82,0x5a,0x7f,0xd1,0xca,0xfc,0x2a,0xff,0x00,
0xc2,0xcb,0x44,0xff,0x00,0xe4,0xba,0x00,0xfd,0x00,0xa2,0xbf,0x3f,0xff,0x00,0xe1,
0xec,0x3f,0xf0,0x4b,0x4f,0xfa,0x39,0x5f,0x85,0x5f,0xf8,0x59,0x68,0x9f,0xfc,0x97,
0x47,0xfc,0x3d,0x87,0xfe,0x09,0x69,0xff,0x00,0x47,0x2b,0xf0,0xab,0xff,0x00,0x0b,
0x2d,0x13,0xff,0x00,0x92,0xe8,0x03,0xf4,0x02,0x8a,0xfc,0xff,0x00,0xff,0x00,0x87,
0xb0,0xff,0x00,0xc1,0x2d,0x3f,0xe8,0xe5,0x7e,0x15,0x7f,0xe1,0x65,0xa2,0x7f,0xf2,
0x5d,0x1f,0xf0,0xf6,0x1f,0xf8,0x25,0xa7,0xfd,0x1c,0xaf,0xc2,0xaf,0xfc,0x2c,0xb4,
0x4f,0xfe,0x4b,0xa0,0x0f,0xd0,0x0a,0x2b,0xf3,0xff,0x00,0xfe,0x1e,0xc3,0xff,0x00,
0x04,0xb4,0xff,0x00,0xa3,0x95,0xf8,0x55,0xff,0x00,0x85,0x96,0x89,0xff,0x00,0xc9,
0x75,0xfa,0x01,0x40,0x05,0x14,0x51,0x40,0x1f,0xff,0xd0,0xfe,0xfe,0x2b,0xf3,0xff,
0x00,0xfe,0x0a,0xc3,0xff,0x00,0x28,0xb4,0xfd,0xa5,0x7f,0xec,0x95,0x78,0xcb,0xff,
0x00,0x4c,0x97,0x75,0xfa,0x01,0x5f,0x9f,0xff,0x00,0xf0,0x56,0x1f,0xf9,0x45,0xa7,
0xed,0x2b,0xff,0x00,0x64,0xab,0xc6,0x5f,0xfa,0x64,0xbb,0xa0,0x0f,0x87,0xff,0x00,
0xe0,0x99,0xdf,0xf0,0x4c,0xdf,0xf8,0x26,0xff,0x00,0x8f,0x7f,0xe0,0x9c,0x3f,0xb3,
0xef,0x8e,0x7c,0x77,0xfb,0x3f,0x7c,0x35,0xd6,0xb5,0xbd,0x6b,0xe1,0xb7,0x85,0x2f,
0xb5,0x0d,0x42,0xfb,0xc2,0x9a,0x3d,0xc5,0xd5,0xdd,0xd5,0xc6,0x8f,0x6b,0x24,0xd3,
0xcf,0x34,0xb6,0xad,0x24,0x92,0xcb,0x23,0x17,0x77,0x72,0x59,0x98,0x92,0x4e,0x6b,
0xee,0x0f,0xf8,0x75,0x07,0xfc,0x12,0xd3,0xfe,0x8d,0xa7,0xe1,0x57,0xfe,0x11,0xba,
0x27,0xff,0x00,0x21,0xd1,0xff,0x00,0x04,0xa0,0xff,0x00,0x94,0x5a,0x7e,0xcd,0x3f,
0xf6,0x4a,0xbc,0x1b,0xff,0x00,0xa6,0x4b,0x3a,0xfd,0x00,0xa0,0x0f,0xcf,0xff,0x00,
0xf8,0x75,0x07,0xfc,0x12,0xd3,0xfe,0x8d,0xa7,0xe1,0x57,0xfe,0x11,0xba,0x27,0xff,
0x00,0x21,0xd1,0xff,0x00,0x0e,0xa0,0xff,0x00,0x82,0x5a,0x7f,0xd1,0xb4,0xfc,0x2a,
0xff,0x00,0xc2,0x37,0x44,0xff,0x00,0xe4,0x3a,0xfd,0x00,0xa2,0x80,0x3f,0x3f,0xff,
0x00,0xe1,0xd4,0x1f,0xf0,0x4b,0x4f,0xfa,0x36,0x9f,0x85,0x5f,0xf8,0x46,0xe8,0x9f,
0xfc,0x87,0x47,0xfc,0x3a,0x83,0xfe,0x09,0x69,0xff,0x00,0x46,0xd3,0xf0,0xab,0xff,
0x00,0x08,0xdd,0x13,0xff,0x00,0x90,0xeb,0xf4,0x02,0x8a,0x00,0xfc,0xff,0x00,0xff,
0x00,0x87,0x50,0x7f,0xc1,0x2d,0x3f,0xe8,0xda,0x7e,0x15,0x7f,0xe1,0x1b,0xa2,0x7f,
0xf2,0x1d,0x1f,0xf0,0xea,0x0f,0xf8,0x25,0xa7,0xfd,0x1b,0x4f,0xc2,0xaf,0xfc,0x23,
0x74,0x4f,0xfe,0x43,0xaf,0xd0,0x0a,0x28,0x03,0xf3,0xff,0x00,0xfe,0x1d,0x41,0xff,
0x00,0x04,0xb4,0xff,0x00,0xa3,0x69,0xf8,0x55,0xff,0x00,0x84,0x6e,0x89,0xff,0x00,
0xc8,0x74,0x7f,0xc3,0xa8,0x3f,0xe0,0x96,0x9f,0xf4,0x6d,0x3f,0x0a,0xbf,0xf0,0x8d,
0xd1,0x3f,0xf9,0x0e,0xbf,0x40,0x28,0xa0,0x0f,0xcf,0xff,0x00,0xf8,0x75,0x07,0xfc,
0x12,0xd3,0xfe,0x8d,0xa7,0xe1,0x57,0xfe,0x11,0xba,0x27,0xff,0x00,0x21,0xd1,0xff,
0x00,0x0e,0xa0,0xff,0x00,0x82,0x5a,0x7f,0xd1,0xb4,0xfc,0x2a,0xff,0x00,0xc2,0x37,
0x44,0xff,0x00,0xe4,0x3a,0xfd,0x00,0xa2,0x80,0x3f,0x3f,0xff,0x00,0xe1,0xd4,0x1f,
0xf0,0x4b,0x4f,0xfa,0x36,0x9f,0x85,0x5f,0xf8,0x46,0xe8,0x9f,0xfc,0x87,0x47,0xfc,
0x3a,0x83,0xfe,0x09,0x69,0xff,0x00,0x46,0xd3,0xf0,0xab,0xff,0x00,0x08,0xdd,0x13,
0xff,0x00,0x90,0xeb,0xf4,0x02,0x8a,0x00,0xfc,0xff,0x00,0xff,0x00,0x87,0x50,0x7f,
0xc1,0x2d,0x3f,0xe8,0xda,0x7e,0x15,0x7f,0xe1,0x1b,0xa2,0x7f,0xf2,0x1d,0x7e,0x21,
0x7f,0xc3,0xbd,0xff,0x00,0x60,0x7f,0xf8,0x89,0x13,0xfe,0x14,0x67,0xfc,0x28,0xff,
0x00,0x00,0x7f,0xc2,0x13,0xff,0x00,0x0c,0xd7,0xfd,0xbb,0xff,0x00,0x08,0xf7,0xfc,
0x23,0x5a,0x57,0xf6,0x57,0xf6,0xa7,0xfc,0x25,0xff,0x00,0x65,0xfb,0x7f,0xd8,0xbe,
0xcd,0xe4,0x7d,0xab,0xec,0xff,0x00,0xb9,0xf3,0xf6,0x79,0x9e,0x5f,0xc9,0xbb,0x6f,
0x15,0xfd,0x5e,0xd7,0xe0,0x1f,0xfc,0xed,0x31,0xff,0x00,0x76,0xad,0xff,0x00,0xbb,
0xbd,0x00,0x7d,0xf9,0xff,0x00,0x0e,0xa0,0xff,0x00,0x82,0x5a,0x7f,0xd1,0xb4,0xfc,
0x2a,0xff,0x00,0xc2,0x37,0x44,0xff,0x00,0xe4,0x3a,0x3f,0xe1,0xd4,0x1f,0xf0,0x4b,
0x4f,0xfa,0x36,0x9f,0x85,0x5f,0xf8,0x46,0xe8,0x9f,0xfc,0x87,0x5f,0xa0,0x14,0x50,
0x07,0xe7,0xff,0x00,0xfc,0x3a,0x83,0xfe,0x09,0x69,0xff,0x00,0x46,0xd3,0xf0,0xab,
0xff,0x00,0x08,0xdd,0x13,0xff,0x00,0x90,0xe8,0xff,0x00,0x87,0x50,0x7f,0xc1,0x2d,
0x3f,0xe8,0xda,0x7e,0x15,0x7f,0xe1,0x1b,0xa2,0x7f,0xf2,0x1d,0x7e,0x80,0x51,0x40,
0x1f,0x9f,0xff,0x00,0xf0,0xea,0x0f,0xf8,0x25,0xa7,0xfd,0x1b,0x4f,0xc2,0xaf,0xfc,
0x23,0x74,0x4f,0xfe,0x43,0xa3,0xfe,0x1d,0x41,0xff,0x00,0x04,0xb4,0xff,0x00,0xa3,
0x69,0xf8,0x55,0xff,0x00,0x84,0x6e,0x89,0xff,0x00,0xc8,0x75,0xfa,0x01,0x45,0x00,
0x7e,0x7f,0xff,0x00,0xc3,0xa8,0x3f,0xe0,0x96,0x9f,0xf4,0x6d,0x3f,0x0a,0xbf,0xf0,
0x8d,0xd1,0x3f,0xf9,0x0e,0x8f,0xf8,0x75,0x07,0xfc,0x12,0xd3,0xfe,0x8d,0xa7,0xe1,
0x57,0xfe,0x11,0xba,0x27,0xff,0x00,0x21,0xd7,0xe8,0x05,0x14,0x01,0xf9,0xff,0x00,
0xff,0x00,0x0e,0xa0,0xff,0x00,0x82,0x5a,0x7f,0xd1,0xb4,0xfc,0x2a,0xff,0x00,0xc2,
0x37,0x44,0xff,0x00,0xe4,0x3a,0x3f,0xe1,0xd4,0x1f,0xf0,0x4b,0x4f,0xfa,0x36,0x9f,
0x85,0x5f,0xf8,0x46,0xe8,0x9f,0xfc,0x87,0x5f,0xa0,0x14,0x50,0x07,0xe7,0xff,0x00,
0xfc,0x3a,0x83,0xfe,0x09,0x69,0xff,0x00,0x46,0xd3,0xf0,0xab,0xff,0x00,0x08,0xdd,
0x13,0xff,0x00,0x90,0xe8,0xff,0x00,0x87,0x50,0x7f,0xc1,0x2d,0x3f,0xe8,0xda,0x7e,
0x15,0x7f,0xe1,0x1b,0xa2,0x7f,0xf2,0x1d,0x7e,0x80,0x51,0x40,0x1f,0x9f,0xff,0x00,
0xf0,0xea,0x0f,0xf8,0x25,0xa7,0xfd,0x1b,0x4f,0xc2,0xaf,0xfc,0x23,0x74,0x4f,0xfe,
0x43,0xa3,0xfe,0x1d,0x41,0xff,0x00,0x04,0xb4,0xff,0x00,0xa3,0x69,0xf8,0x55,0xff,
0x00,0x84,0x6e,0x89,0xff,0x00,0xc8,0x75,0xfa,0x01,0x45,0x00,0x7e,0x7f,0xff,0x00,
0xc3,0xa8,0x3f,0xe0,0x96,0x9f,0xf4,0x6d,0x3f,0x0a,0xbf,0xf0,0x8d,0xd1,0x3f,0xf9,
0x0e,0x8f,0xf8,0x75,0x07,0xfc,0x12,0xd3,0xfe,0x8d,0xa7,0xe1,0x57,0xfe,0x11,0xba,
0x27,0xff,0x00,0x21,0xd7,0xe8,0x05,0x14,0x01,0xf9,0xff,0x00,0xff,0x00,0x0e,0xa0,
0xff,0x00,0x82,0x5a,0x7f,0xd1,0xb4,0xfc,0x2a,0xff,0x00,0xc2,0x37,0x44,0xff,0x00,
0xe4,0x3a,0x3f,0xe1,0xd4,0x1f,0xf0,0x4b,0x4f,0xfa,0x36,0x9f,0x85,0x5f,0xf8,0x46,
0xe8,0x9f,0xfc,0x87,0x5f,0xa0,0x14,0x50,0x07,0xe7,0xff,0x00,0xfc,0x3a,0x83,0xfe,
0x09,0x69,0xff,0x00,0x46,0xd3,0xf0,0xab,0xff,0x00,0x08,0xdd,0x13,0xff,0x00,0x90,
0xe8,0xff,0x00,0x87,0x50,0x7f,0xc1,0x2d,0x3f,0xe8,0xda,0x7e,0x15,0x7f,0xe1,0x1b,
0xa2,0x7f,0xf2,0x1d,0x7e,0x80,0x51,0x40,0x1f,0x9f,0xff,0x00,0xf0,0xea,0x0f,0xf8,
0x25,0xa7,0xfd,0x1b,0x4f,0xc2,0xaf,0xfc,0x23,0x74,0x4f,0xfe,0x43,0xa3,0xfe,0x1d,
0x41,0xff,0x00,0x04,0xb4,0xff,0x00,0xa3,0x69,0xf8,0x55,0xff,0x00,0x84,0x6e,0x89,
0xff,0x00,0xc8,0x75,0xfa,0x01,0x45,0x00,0x7e,0x7f,0xff,0x00,0xc3,0xa8,0x3f,0xe0,
0x96,0x9f,0xf4,0x6d,0x3f,0x0a,0xbf,0xf0,0x8d,0xd1,0x3f,0xf9,0x0e,0x8f,0xf8,0x75,
0x07,0xfc,0x12,0xd3,0xfe,0x8d,0xa7,0xe1,0x57,0xfe,0x11,0xba,0x27,0xff,0x00,0x21,
0xd7,0xe8,0x05,0x14,0x01,0xf9,0xff,0x00,0xff,0x00,0x0e,0xa0,0xff,0x00,0x82,0x5a,
0x7f,0xd1,0xb4,0xfc,0x2a,0xff,0x00,0xc2,0x37,0x44,0xff,0x00,0xe4,0x3a,0x3f,0xe1,
0xd4,0x1f,0xf0,0x4b,0x4f,0xfa,0x36,0x9f,0x85,0x5f,0xf8,0x46,0xe8,0x9f,0xfc,0x87,
0x5f,0xa0,0x14,0x50,0x07,0xe7,0xff,0x00,0xfc,0x3a,0x83,0xfe,0x09,0x69,0xff,0x00,
0x46,0xd3,0xf0,0xab,0xff,0x00,0x08,0xdd,0x13,0xff,0x00,0x90,0xe8,0xff,0x00,0x87,
0x50,0x7f,0xc1,0x2d,0x3f,0xe8,0xda,0x7e,0x15,0x7f,0xe1,0x1b,0xa2,0x7f,0xf2,0x1d,
0x7e,0x80,0x51,0x40,0x1f,0x9f,0xff,0x00,0xf0,0xea,0x0f,0xf8,0x25,0xa7,0xfd,0x1b,
0x4f,0xc2,0xaf,0xfc,0x23,0x74,0x4f,0xfe,0x43,0xa3,0xfe,0x1d,0x41,0xff,0x00,0x04,
0xb4,0xff,0x00,0xa3,0x69,0xf8,0x55,0xff,0x00,0x84,0x6e,0x89,0xff,0x00,0xc8,0x75,
0xfa,0x01,0x45,0x00,0x7e,0x7f,0xff,0x00,0xc3,0xa8,0x3f,0xe0,0x96,0x9f,0xf4,0x6d,
0x3f,0x0a,0xbf,0xf0,0x8d,0xd1,0x3f,0xf9,0x0e,0x8f,0xf8,0x75,0x07,0xfc,0x12,0xd3,
0xfe,0x8d,0xa7,0xe1,0x57,0xfe,0x11,0xba,0x27,0xff,0x00,0x21,0xd7,0xe8,0x05,0x14,
0x01,0xf9,0xff,0x00,0xff,0x00,0x0e,0xa0,0xff,0x00,0x82,0x5a,0x7f,0xd1,0xb4,0xfc,
0x2a,0xff,0x00,0xc2,0x37,0x44,0xff,0x00,0xe4,0x3a,0x3f,0xe1,0xd4,0x1f,0xf0,0x4b,
0x4f,0xfa,0x36,0x9f,0x85,0x5f,0xf8,0x46,0xe8,0x9f,0xfc,0x87,0x5f,0xa0,0x14,0x50,
0x07,0xe7,0xff,0x00,0xfc,0x3a,0x83,0xfe,0x09,0x69,0xff,0x00,0x46,0xd3,0xf0,0xab,
0xff,0x00,0x08,0xdd,0x13,0xff,0x00,0x90,0xe8,0xff,0x00,0x87,0x50,0x7f,0xc1,0x2d,
0x3f,0xe8,0xda,0x7e,0x15,0x7f,0xe1,0x1b,0xa2,0x7f,0xf2,0x1d,0x7e,0x80,0x51,0x40,
0x1f,0x9f,0xff,0x00,0xf0,0xea,0x0f,0xf8,0x25,0xa7,0xfd,0x1b,0x4f,0xc2,0xaf,0xfc,
0x23,0x74,0x4f,0xfe,0x43,0xac,0x0d,0x57,0xfe,0x09,0x89,0xff,0x00,0x04,0x9b,0xd0,
0xf5,0x0d,0x2f,0x4b,0xd5,0x7f,0x67,0x1f,0x85,0x51,0x4f,0xac,0xdc,0xb5,0x9d,0x9a,
0x7f,0xc2,0x17,0xa3,0x37,0x99,0x32,0x5b,0xcb,0x72,0x53,0x2b,0x64,0x42,0xe2,0x18,
0x24,0x6c,0xb6,0x07,0xcb,0x8c,0xe4,0xa8,0x3f,0xa3,0xf5,0xe1,0x9f,0x16,0xbf,0xe4,
0x7e,0xf8,0x5f,0xff,0x00,0x63,0x35,0xc7,0xfe,0x98,0x75,0x6a,0x00,0xf9,0xd3,0xfe,
0x1d,0x3f,0xff,0x00,0x04,0xb3,0xff,0x00,0xa3,0x6a,0xf8,0x55,0xff,0x00,0x84,0x6e,
0x89,0xff,0x00,0xc8,0x74,0x7f,0xc3,0xa7,0xff,0x00,0xe0,0x96,0x7f,0xf4,0x6d,0x5f,
0x0a,0xbf,0xf0,0x8d,0xd1,0x3f,0xf9,0x0e,0xbe,0xfe,0xa2,0x80,0x3e,0x01,0xff,0x00,
0x87,0x4f,0xff,0x00,0xc1,0x2c,0xff,0x00,0xe8,0xda,0xbe,0x15,0x7f,0xe1,0x1b,0xa2,
0x7f,0xf2,0x1d,0x1f,0xf0,0xe9,0xff,0x00,0xf8,0x25,0x9f,0xfd,0x1b,0x57,0xc2,0xaf,
0xfc,0x23,0x74,0x4f,0xfe,0x43,0xaf,0xbf,0xa8,0xa0,0x0f,0x80,0x7f,0xe1,0xd3,0xff,
0x00,0xf0,0x4b,0x3f,0xfa,0x36,0xaf,0x85,0x5f,0xf8,0x46,0xe8,0x9f,0xfc,0x87,0x47,
0xfc,0x3a,0x7f,0xfe,0x09,0x67,0xff,0x00,0x46,0xd5,0xf0,0xab,0xff,0x00,0x08,0xdd,
0x13,0xff,0x00,0x90,0xeb,0xef,0xea,0x28,0x03,0xe0,0x1f,0xf8,0x74,0xff,0x00,0xfc,
0x12,0xcf,0xfe,0x8d,0xab,0xe1,0x57,0xfe,0x11,0xba,0x27,0xff,0x00,0x21,0xd1,0xff,
0x00,0x0e,0x9f,0xff,0x00,0x82,0x59,0xff,0x00,0xd1,0xb5,0x7c,0x2a,0xff,0x00,0xc2,
0x37,0x44,0xff,0x00,0xe4,0x3a,0xfb,0xfa,0x8a,0x00,0xf8,0x07,0xfe,0x1d,0x3f,0xff,
0x00,0x04,0xb3,0xff,0x00,0xa3,0x6a,0xf8,0x55,0xff,0x00,0x84,0x6e,0x89,0xff,0x00,
0xc8,0x74,0x7f,0xc3,0xa7,0xff,0x00,0xe0,0x96,0x7f,0xf4,0x6d,0x5f,0x0a,0xbf,0xf0,
0x8d,0xd1,0x3f,0xf9,0x0e,0xbe,0xfe,0xa2,0x80,0x3f,0x94,0x2f,0xf8,0x38,0xdf,0xfe,
0x09,0xf1,0xfb,0x04,0x7c,0x0e,0xff,0x00,0x82,0x34,0x7c,0x63,0xf8,0x9f,0xf0,0x5b,
0xe0,0x87,0x80,0x3c,0x21,0xe2,0x5d,0x2f,0xfe,0x11,0xef,0xb1,0xea,0xfa,0x27,0x86,
0xb4,0xad,0x3e,0xfa,0xdb,0xce,0xf1,0x16,0x99,0x04,0xbe,0x4d,0xcd,0xbd,0xb2,0x4a,
0x9b,0xe1,0x76,0x8d,0xf6,0x30,0xdc,0x8c,0xca,0x78,0x38,0xaf,0xea,0xf6,0xbf,0x01,
0x3f,0xe0,0xe8,0xaf,0xf9,0x41,0x57,0xc7,0x2f,0xfb,0x96,0x7f,0xf5,0x26,0xd2,0xab,
0xf7,0xee,0x80,0x0a,0x28,0xa2,0x80,0x3f,0xff,0xd1,0xfe,0xfe,0x2b,0xf3,0xff,0x00,
0xfe,0x0a,0xc3,0xff,0x00,0x28,0xb4,0xfd,0xa5,0x7f,0xec,0x95,0x78,0xcb,0xff,0x00,
0x4c,0x97,0x75,0xfa,0x01,0x5f,0x9f,0xff,0x00,0xf0,0x56,0x1f,0xf9,0x45,0xa7,0xed,
0x2b,0xff,0x00,0x64,0xab,0xc6,0x5f,0xfa,0x64,0xbb,0xa0,0x04,0xff,0x00,0x82,0x50,
0xff,0x00,0xca,0x2c,0xff,0x00,0x66,0xaf,0xfb,0x25,0x7e,0x0c,0xff,0x00,0xd3,0x25,
0x9d,0x7e,0x80,0xd7,0xe7,0xf7,0xfc,0x12,0x87,0x8f,0xf8,0x25,0x9f,0xec,0xd3,0x8f,
0xfa,0x25,0x7e,0x0d,0xff,0x00,0xd3,0x1d,0xa5,0x7e,0x80,0xd0,0x01,0x45,0x14,0x50,
0x01,0x45,0x14,0x50,0x01,0x45,0x14,0x50,0x01,0x45,0x14,0x50,0x01,0x45,0x14,0x50,
0x01,0x45,0x14,0x50,0x01,0x5f,0x80,0x7f,0xf3,0xb4,0xc7,0xfd,0xda,0xb7,0xfe,0xee,
0xf5,0xfb,0xf9,0x5f,0x80,0x7f,0xf3,0xb4,0xc7,0xfd,0xda,0xb7,0xfe,0xee,0xf4,0x01,
0xfb,0xf9,0x5f,0xce,0x87,0xfc,0x17,0x37,0xfe,0x0a,0x91,0xfb,0x6a,0xfe,0xc0,0x5f,
0x1a,0x3f,0x66,0xbf,0x80,0x9f,0xb1,0x37,0x87,0xfc,0x1f,0xaf,0xeb,0xff,0x00,0x1e,
0xb5,0xad,0x4b,0x40,0x54,0xf1,0x6c,0x17,0xb2,0x42,0x97,0x91,0xdc,0x69,0x16,0xb6,
0x02,0x39,0x2c,0xef,0x6c,0xfc,0xa4,0x69,0x35,0x16,0xf3,0x59,0xc3,0xf0,0x14,0x8d,
0xb8,0x3b,0xbf,0xa2,0xfa,0xfe,0x44,0xbf,0xe0,0xe5,0xaf,0xd8,0x77,0xe2,0x57,0xed,
0xc5,0xfb,0x5d,0x7e,0xc3,0xdf,0x0f,0xf4,0x8f,0x02,0x78,0x93,0xc5,0xfe,0x03,0xff,
0x00,0x84,0xc3,0x53,0xd3,0xfc,0x6b,0x79,0xa0,0xd8,0x5d,0xdc,0xc5,0xa5,0xe9,0x1a,
0x95,0xff,0x00,0x87,0xa2,0x9e,0x6b,0xcb,0xab,0x68,0x9d,0x2c,0x90,0xdb,0xa5,0xc3,
0x2c,0xb2,0x94,0x50,0x23,0x76,0x07,0x08,0x70,0x01,0xf5,0x0f,0x88,0x7f,0x6d,0x0f,
0xf8,0x2e,0x97,0xec,0xb5,0xfb,0x1d,0x7c,0x75,0xfd,0xa7,0x3f,0x6e,0xbf,0x02,0xfc,
0x28,0xd2,0x9f,0xc0,0x5e,0x16,0xfe,0xd4,0xf0,0xb2,0x78,0x6c,0xea,0x57,0x11,0x5c,
0x6a,0x09,0x32,0xac,0x91,0xdf,0xc7,0x26,0xa4,0xee,0x60,0xf2,0xdb,0x2b,0xe5,0x3c,
0x4d,0x9f,0xe2,0xed,0x5f,0x95,0xf7,0xbf,0xf0,0x70,0xd7,0xfc,0x16,0x3b,0xf6,0x6a,
0xfd,0x9d,0x7e,0x13,0xfe,0xdf,0xdf,0xb6,0x47,0xc2,0x5f,0x86,0x37,0xff,0x00,0x03,
0x3e,0x27,0x5f,0xdb,0xd9,0xdb,0x1f,0x0b,0xcf,0x7f,0x6b,0xae,0x6d,0xb8,0x8e,0x59,
0x83,0x2c,0x77,0x5a,0x8d,0xda,0xa1,0x10,0xdb,0xcc,0xc3,0x30,0xb2,0x6e,0x55,0x56,
0x78,0xf7,0x2e,0x7f,0x48,0x7f,0x69,0x4f,0xf8,0x22,0xbf,0xec,0xf3,0xfb,0x03,0xff,
0x00,0xc1,0x26,0xff,0x00,0x6a,0x2f,0x85,0xbf,0xf0,0x4f,0xbf,0x0b,0x78,0x8f,0x55,
0xd6,0xfe,0x27,0x78,0x6a,0x08,0xe5,0xd2,0x92,0x5b,0x8d,0x66,0xf2,0xee,0x7b,0x06,
0x93,0xec,0xe9,0x6b,0x02,0x23,0x4a,0x5f,0x17,0x12,0x65,0x51,0x4e,0x78,0xe3,0x8a,
0xfe,0x67,0xed,0xff,0x00,0xe0,0x89,0x7e,0x33,0xfd,0x8e,0xf4,0x2f,0xd8,0xb3,0xf6,
0xf1,0xd1,0x3e,0x03,0x78,0xbf,0xe2,0x3c,0x57,0xd2,0xdb,0xbf,0xc5,0x7f,0x01,0x49,
0xa3,0xea,0x7a,0x8d,0xfd,0xa5,0xd4,0x53,0x79,0x82,0xe6,0x4d,0x36,0x18,0x0d,0xc4,
0x29,0xe4,0x16,0x3e,0x54,0xa9,0xe5,0x09,0x61,0x89,0x5d,0x59,0x65,0x65,0x20,0x1f,
0xd3,0xbf,0xed,0xa7,0xff,0x00,0x05,0x9e,0xfd,0xae,0x35,0x7f,0xdb,0xf2,0x6f,0xf8,
0x26,0x07,0xfc,0x12,0x47,0xe1,0x9e,0x8b,0xf1,0x0f,0xe2,0x5e,0x83,0xa6,0xc7,0xaa,
0xf8,0x93,0x58,0xf1,0x54,0xd2,0xc3,0xa2,0xe9,0x71,0x3a,0x43,0x31,0x46,0x8e,0x19,
0xad,0x64,0x6d,0x91,0x4f,0x10,0x77,0x33,0xa9,0x59,0x64,0x58,0x96,0x37,0x60,0xc2,
0xab,0xfe,0xc4,0xff,0x00,0xf0,0x5b,0xaf,0xda,0x5f,0xc5,0xff,0x00,0x18,0xbe,0x2e,
0x7e,0xc1,0x5f,0xf0,0x50,0x1f,0x86,0x9a,0x5f,0xc3,0x8f,0xda,0x07,0xe1,0xaf,0x86,
0x6f,0xfc,0x49,0x60,0xba,0x5c,0xb2,0xcf,0xa1,0x6b,0x10,0x5a,0x5b,0x0b,0x81,0xe5,
0x2b,0x4d,0x2c,0x88,0x36,0x3c,0x72,0xae,0xdb,0x99,0x04,0x91,0x17,0xe6,0x27,0x8c,
0xa9,0xf8,0xf7,0xe3,0xd7,0xc1,0x5f,0xdb,0xa7,0xfe,0x09,0x37,0xff,0x00,0x05,0x9b,
0xf1,0xe7,0xfc,0x15,0x0f,0xf6,0x75,0xf8,0x37,0xae,0x7c,0x7a,0xf8,0x4f,0xf1,0xb7,
0x48,0x5b,0x6d,0x67,0x4a,0xf0,0xcc,0x52,0x4d,0xae,0x69,0x77,0x32,0x7d,0x91,0x9b,
0xfd,0x11,0x22,0x92,0xe0,0x91,0x3d,0xb8,0x91,0x31,0x11,0x8f,0xca,0x91,0x91,0xda,
0x36,0x40,0x6b,0x99,0xfd,0x97,0xff,0x00,0x65,0x0f,0xdb,0xbb,0xf6,0xf5,0xff,0x00,
0x82,0x84,0x7c,0x63,0xff,0x00,0x82,0xc5,0xfe,0xd3,0xdf,0x09,0xf5,0x4f,0x83,0xda,
0x34,0x1f,0x0f,0xf5,0x6f,0x0c,0x78,0x1f,0xc2,0x3a,0xa4,0x6f,0xfd,0xb9,0x79,0x24,
0xda,0x64,0x96,0x48,0x66,0xb5,0x2b,0x1c,0xe0,0xf9,0x6f,0x2b,0x30,0x92,0x04,0xdd,
0x2c,0xc9,0x1c,0x41,0xc4,0x65,0xe8,0x03,0x9d,0xff,0x00,0x82,0x57,0xff,0x00,0xc1,
0xd7,0x3e,0x2d,0xfd,0xa1,0xfc,0x1d,0xf1,0xbf,0x5a,0xfd,0xbc,0xf4,0x6f,0x0b,0x78,
0x76,0xf7,0xe1,0xc7,0x84,0x25,0xf1,0x6e,0x81,0x1f,0x86,0xe1,0xbc,0xb4,0x1a,0x98,
0xb3,0x63,0x14,0xf6,0x2c,0xb7,0xb7,0x97,0x9b,0xee,0x25,0x9a,0x6b,0x55,0x83,0x63,
0x20,0xf9,0x9c,0xb0,0xda,0xbb,0x97,0xde,0x7f,0xe0,0x8a,0xdf,0xf0,0x71,0x67,0xc7,
0xdf,0xdb,0x73,0xe0,0xff,0x00,0xed,0x19,0xf1,0xdb,0xf6,0xd2,0xf0,0xae,0x87,0x63,
0xa0,0xfc,0x0c,0xd0,0x74,0xed,0x75,0x60,0xf0,0x2e,0x9b,0x7d,0xf6,0xeb,0x88,0x66,
0x5b,0xf7,0xba,0x53,0x15,0xe6,0xa1,0x74,0xb2,0x30,0x5b,0x44,0xf2,0xf0,0xd1,0x2a,
0xe5,0x8b,0xb6,0xde,0x57,0xf1,0xd3,0xf6,0x33,0xff,0x00,0x83,0x5f,0xbe,0x29,0x7e,
0xdd,0x5f,0xb0,0xdf,0xc2,0x0f,0x18,0x7c,0x4e,0xfe,0xd0,0xf8,0x25,0xe3,0x0f,0x0e,
0xeb,0x1a,0xde,0x9d,0xe2,0x9d,0x3b,0xc4,0x5a,0x35,0xdd,0x96,0xa3,0x7f,0xa3,0x35,
0xfc,0x77,0x16,0x8d,0x1c,0x33,0xa4,0x2e,0x92,0x20,0x6b,0x8f,0x2d,0xe4,0x42,0xac,
0x1d,0x3b,0x25,0x7e,0xac,0xff,0x00,0xc1,0x24,0xbf,0x66,0x3f,0xdb,0x23,0xf6,0x3a,
0xfd,0xa9,0xff,0x00,0xe0,0xa2,0xfa,0xff,0x00,0xc0,0x3f,0x84,0x57,0x9a,0x5d,0xcc,
0xfa,0x92,0x7f,0xc2,0xae,0xb4,0xf1,0x25,0x8d,0xde,0x95,0xa1,0xeb,0x5f,0x61,0xbb,
0xd6,0xbe,0xc5,0x15,0xad,0xdc,0xc2,0x08,0xa7,0xb6,0xd8,0xd0,0x0d,0xd1,0x4c,0xa9,
0xb5,0xd3,0x32,0x46,0xac,0x1c,0x00,0x7f,0x53,0x3f,0xb2,0x17,0xed,0x41,0xf0,0xff,
0x00,0xf6,0xd3,0xfd,0x9a,0x7c,0x1d,0xfb,0x53,0xfc,0x2b,0xb3,0xd4,0xb4,0xff,0x00,
0x0e,0xf8,0xdb,0x4f,0x5d,0x46,0xc6,0xdf,0x57,0x81,0x6d,0xaf,0x63,0x89,0x99,0x93,
0x13,0x44,0x8f,0x2a,0x03,0x95,0x38,0x29,0x23,0xa3,0x2e,0x19,0x19,0x94,0x83,0x5f,
0x4b,0x57,0xcd,0x5f,0xb2,0x1f,0x89,0x7f,0x69,0x8f,0x19,0x7e,0xcd,0x3e,0x0e,0xf1,
0x47,0xed,0x93,0xe1,0xcd,0x37,0xc2,0x3f,0x13,0xef,0x74,0xf5,0x93,0xc4,0x5a,0x3e,
0x91,0x30,0x9e,0xc6,0xd2,0xef,0x73,0x03,0x1c,0x32,0x09,0xae,0x01,0x1b,0x02,0x92,
0x04,0xf2,0x85,0x24,0xa8,0x91,0xc0,0xdc,0x7e,0x95,0xa0,0x02,0x8a,0x28,0xa0,0x02,
0x8a,0x28,0xa0,0x02,0x8a,0x28,0xa0,0x02,0x8a,0x28,0xa0,0x02,0x8a,0x28,0xa0,0x02,
0x8a,0x28,0xa0,0x02,0x8a,0x28,0xa0,0x02,0x8a,0x28,0xa0,0x02,0x8a,0x28,0xa0,0x02,
0x8a,0x28,0xa0,0x02,0x8a,0x28,0xa0,0x02,0x8a,0x28,0xa0,0x02,0x8a,0x28,0xa0,0x02,
0xbc,0x33,0xe2,0xd7,0xfc,0x8f,0xdf,0x0b,0xff,0x00,0xec,0x66,0xb8,0xff,0x00,0xd3,
0x0e,0xad,0x5e,0xe7,0x5e,0x19,0xf1,0x6b,0xfe,0x47,0xef,0x85,0xff,0x00,0xf6,0x33,
0x5c,0x7f,0xe9,0x87,0x56,0xa0,0x0f,0x73,0xa2,0x8a,0x28,0x00,0xa2,0x8a,0x28,0x00,
0xa2,0x8a,0x28,0x00,0xa2,0x8a,0x28,0x00,0xa2,0x8a,0x28,0x03,0xf0,0x13,0xfe,0x0e,
0x8a,0xff,0x00,0x94,0x15,0x7c,0x72,0xff,0x00,0xb9,0x67,0xff,0x00,0x52,0x6d,0x2a,
0xbf,0x7e,0xeb,0xf0,0x13,0xfe,0x0e,0x8a,0xff,0x00,0x94,0x15,0x7c,0x72,0xff,0x00,
0xb9,0x67,0xff,0x00,0x52,0x6d,0x2a,0xbf,0x7e,0xe8,0x00,0xa2,0x8a,0x28,0x03,0xff,
0xd2,0xfe,0xfe,0x2b,0xf3,0xff,0x00,0xfe,0x0a,0xc3,0xff,0x00,0x28,0xb4,0xfd,0xa5,
0x7f,0xec,0x95,0x78,0xcb,0xff,0x00,0x4c,0x97,0x75,0xfa,0x01,0x5f,0x9f,0xff,0x00,
0xf0,0x56,0x1f,0xf9,0x45,0xa7,0xed,0x2b,0xff,0x00,0x64,0xab,0xc6,0x5f,0xfa,0x64,
0xbb,0xa0,0x06,0xff,0x00,0xc1,0x28,0x7f,0xe5,0x16,0x9f,0xb3,0x4f,0xfd,0x92,0xaf,
0x06,0xff,0x00,0xe9,0x8e,0xd2,0xbf,0x40,0xab,0xf3,0xf7,0xfe,0x09,0x43,0xff,0x00,
0x28,0xb4,0xfd,0x9a,0xbf,0xec,0x95,0x78,0x37,0xff,0x00,0x4c,0x96,0x75,0xfa,0x05,
0x40,0x05,0x14,0x51,0x40,0x05,0x14,0x51,0x40,0x05,0x14,0x51,0x40,0x05,0x14,0x51,
0x40,0x05,0x14,0x51,0x40,0x05,0x14,0x51,0x40,0x05,0x7e,0x01,0xff,0x00,0xce,0xd3,
0x1f,0xf7,0x6a,0xdf,0xfb,0xbb,0xd7,0xef,0xe5,0x7e,0x01,0xff,0x00,0xce,0xd3,0x1f,
0xf7,0x6a,0xdf,0xfb,0xbb,0xd0,0x07,0xef,0xe5,0x14,0x51,0x40,0x05,0x14,0x51,0x40,
0x05,0x14,0x51,0x40,0x05,0x14,0x51,0x40,0x05,0x14,0x51,0x40,0x05,0x14,0x51,0x40,
0x05,0x14,0x51,0x40,0x05,0x14,0x51,0x40,0x05,0x14,0x51,0x40,0x05,0x14,0x51,0x40,
0x05,0x14,0x51,0x40,0x05,0x14,0x51,0x40,0x05,0x14,0x51,0x40,0x05,0x14,0x51,0x40,
0x05,0x14,0x51,0x40,0x05,0x14,0x51,0x40,0x05,0x14,0x51,0x40,0x05,0x14,0x51,0x40,
0x05,0x78,0x67,0xc5,0xaf,0xf9,0x1f,0xbe,0x17,0xff,0x00,0xd8,0xcd,0x71,0xff,0x00,
0xa6,0x1d,0x5a,0xbd,0xce,0xbc,0x33,0xe2,0xd7,0xfc,0x8f,0xdf,0x0b,0xff,0x00,0xec,
0x66,0xb8,0xff,0x00,0xd3,0x0e,0xad,0x40,0x1e,0xe7,0x45,0x14,0x50,0x01,0x45,0x14,
0x50,0x01,0x45,0x14,0x50,0x01,0x45,0x14,0x50,0x01,0x45,0x14,0x50,0x07,0xe0,0x27,
0xfc,0x1d,0x15,0xff,0x00,0x28,0x2a,0xf8,0xe5,0xff,0x00,0x72,0xcf,0xfe,0xa4,0xda,
0x55,0x7e,0xfd,0xd7,0xe0,0x27,0xfc,0x1d,0x15,0xff,0x00,0x28,0x2a,0xf8,0xe5,0xff,
0x00,0x72,0xcf,0xfe,0xa4,0xda,0x55,0x7e,0xfd,0xd0,0x01,0x45,0x14,0x50,0x07,0xff,
0xd3,0xfe,0xfe,0x2b,0xf3,0xff,0x00,0xfe,0x0a,0xc3,0xff,0x00,0x28,0xb4,0xfd,0xa5,
0x7f,0xec,0x95,0x78,0xcb,0xff,0x00,0x4c,0x97,0x75,0xfa,0x01,0x5f,0x9f,0xff,0x00,
0xf0,0x56,0x1f,0xf9,0x45,0xa7,0xed,0x2b,0xff,0x00,0x64,0xab,0xc6,0x5f,0xfa,0x64,
0xbb,0xa0,0x04,0xff,0x00,0x82,0x50,0xff,0x00,0xca,0x2c,0xff,0x00,0x66,0x9f,0xfb,
0x25,0x7e,0x0d,0xff,0x00,0xd3,0x25,0x9d,0x7e,0x80,0xd7,0xe7,0xf7,0xfc,0x12,0x7f,
0xfe,0x51,0x69,0xfb,0x35,0x7f,0xd9,0x2b,0xf0,0x6f,0xfe,0x98,0xec,0xeb,0xf4,0x06,
0x80,0x0a,0x28,0xa2,0x80,0x0a,0x28,0xa2,0x80,0x0a,0x28,0xa2,0x80,0x0a,0x28,0xa2,
0x80,0x0a,0x28,0xa2,0x80,0x0a,0x28,0xa2,0x80,0x0a,0xfc,0x03,0xff,0x00,0x9d,0xa6,
0x3f,0xee,0xd5,0xbf,0xf7,0x77,0xaf,0xdf,0xca,0xfc,0x03,0xff,0x00,0x9d,0xa6,0x3f,
0xee,0xd5,0xbf,0xf7,0x77,0xa0,0x0f,0xdf,0xca,0x28,0xa2,0x80,0x0a,0x28,0xa2,0x80,
0x0a,0x28,0xa2,0x80,0x0a,0x28,0xa2,0x80,0x0a,0x28,0xa2,0x80,0x0a,0x28,0xa2,0x80,
0x0a,0x28,0xa2,0x80,0x0a,0x28,0xa2,0x80,0x0a,0x28,0xa2,0x80,0x0a,0x28,0xa2,0x80,
0x0a,0x28,0xa2,0x80,0x0a,0x28,0xa2,0x80,0x0a,0x28,0xa2,0x80,0x0a,0x28,0xa2,0x80,
0x0a,0x28,0xa2,0x80,0x0a,0x28,0xa2,0x80,0x0a,0x28,0xa2,0x80,0x0a,0x28,0xa2,0x80,
0x0a,0xf0,0xcf,0x8b,0x5f,0xf2,0x3f,0x7c,0x2f,0xff,0x00,0xb1,0x9a,0xe3,0xff,0x00,
0x4c,0x3a,0xb5,0x7b,0x9d,0x78,0x67,0xc5,0xaf,0xf9,0x1f,0xbe,0x17,0xff,0x00,0xd8,
0xcd,0x71,0xff,0x00,0xa6,0x1d,0x5a,0x80,0x3d,0xce,0x8a,0x28,0xa0,0x02,0x8a,0x28,
0xa0,0x02,0x8a,0x28,0xa0,0x02,0x8a,0x28,0xa0,0x02,0x8a,0x28,0xa0,0x0f,0xc0,0x4f,
0xf8,0x3a,0x2b,0xfe,0x50,0x55,0xf1,0xcb,0xfe,0xe5,0x9f,0xfd,0x49,0xb4,0xaa,0xfd,
0xfb,0xaf,0xc0,0x4f,0xf8,0x3a,0x2b,0xfe,0x50,0x55,0xf1,0xcb,0xfe,0xe5,0x9f,0xfd,
0x49,0xb4,0xaa,0xfd,0xfb,0xa0,0x02,0x8a,0x28,0xa0,0x0f,0xff,0xd4,0xfe,0xfe,0x2b,
0xf3,0xff,0x00,0xfe,0x0a,0xc3,0xff,0x00,0x28,0xb4,0xfd,0xa5,0x7f,0xec,0x95,0x78,
0xcb,0xff,0x00,0x4c,0x97,0x75,0xfa,0x01,0x5f,0x9f,0xff,0x00,0xf0,0x56,0x1f,0xf9,
0x45,0xa7,0xed,0x2b,0xff,0x00,0x64,0xab,0xc6,0x5f,0xfa,0x64,0xbb,0xa0,0x03,0xfe,
0x09,0x41,0xff,0x00,0x28,0xb4,0xfd,0x9a,0x7f,0xec,0x95,0x78,0x37,0xff,0x00,0x4c,
0x96,0x75,0xfa,0x01,0x5f,0x9f,0xff,0x00,0xf0,0x4a,0x0f,0xf9,0x45,0xa7,0xec,0xd3,
0xff,0x00,0x64,0xab,0xc1,0xbf,0xfa,0x64,0xb3,0xaf,0xd0,0x0a,0x00,0x28,0xa2,0x8a,
0x00,0x28,0xa2,0x8a,0x00,0x28,0xa2,0x8a,0x00,0x28,0xa2,0x8a,0x00,0x28,0xa2,0x8a,
0x00,0x28,0xa2,0x8a,0x00,0x2b,0xf0,0x0f,0xfe,0x76,0x98,0xff,0x00,0xbb,0x56,0xff,
0x00,0xdd,0xde,0xbf,0x7f,0x2b,0xf0,0x0f,0xfe,0x76,0x98,0xff,0x00,0xbb,0x56,0xff,
0x00,0xdd,0xde,0x80,0x3f,0x7f,0x28,0xa2,0x8a,0x00,0x28,0xa2,0x8a,0x00,0x28,0xa2,
0x8a,0x00,0x28,0xa2,0x8a,0x00,0x28,0xa2,0x8a,0x00,0x28,0xa2,0x8a,0x00,0x28,0xa2,
0x8a,0x00,0x28,0xa2,0x8a,0x00,0x28,0xa2,0x8a,0x00,0x28,0xa2,0x8a,0x00,0x28,0xa2,
0x8a,0x00,0x28,0xa2,0x8a,0x00,0x28,0xa2,0x8a,0x00,0x28,0xa2,0x8a,0x00,0x28,0xa2,
0x8a,0x00,0x28,0xa2,0x8a,0x00,0x28,0xa2,0x8a,0x00,0x28,0xa2,0x8a,0x00,0x2b,0xc3,
0x3e,0x2d,0x7f,0xc8,0xfd,0xf0,0xbf,0xfe,0xc6,0x6b,0x8f,0xfd,0x30,0xea,0xd5,0xee,
0x75,0xe1,0x9f,0x16,0xbf,0xe4,0x7e,0xf8,0x5f,0xff,0x00,0x63,0x35,0xc7,0xfe,0x98,
0x75,0x6a,0x00,0xf7,0x3a,0x28,0xa2,0x80,0x0a,0x28,0xa2,0x80,0x0a,0x28,0xa2,0x80,
0x0a,0x28,0xa2,0x80,0x0a,0x28,0xa2,0x80,0x3f,0x01,0x3f,0xe0,0xe8,0xaf,0xf9,0x41,
0x57,0xc7,0x2f,0xfb,0x96,0x7f,0xf5,0x26,0xd2,0xab,0xf7,0xee,0xbf,0x01,0x3f,0xe0,
0xe8,0xaf,0xf9,0x41,0x57,0xc7,0x2f,0xfb,0x96,0x7f,0xf5,0x26,0xd2,0xab,0xf7,0xee,
0x80,0x0a,0x28,0xa2,0x80,0x3f,0xff,0xd5,0xfe,0xfe,0x2b,0xf3,0xff,0x00,0xfe,0x0a,
0xc3,0xff,0x00,0x28,0xb4,0xfd,0xa5,0x7f,0xec,0x95,0x78,0xcb,0xff,0x00,0x4c,0x97,
0x75,0xfa,0x01,0x5f,0x9f,0xff,0x00,0xf0,0x56,0x1f,0xf9,0x45,0xa7,0xed,0x2b,0xff,
0x00,0x64,0xab,0xc6,0x5f,0xfa,0x64,0xbb,0xa0,0x05,0xff,0x00,0x82,0x50,0x63,0xfe,
0x1d,0x67,0xfb,0x35,0x63,0xfe,0x89,0x5f,0x83,0x7f,0xf4,0xc9,0x67,0x5f,0x7f,0xd7,
0xe7,0xff,0x00,0xfc,0x12,0x83,0xfe,0x51,0x69,0xfb,0x34,0xff,0x00,0xd9,0x2a,0xf0,
0x6f,0xfe,0x99,0x2c,0xeb,0xf4,0x02,0x80,0x0a,0x28,0xa2,0x80,0x0a,0x28,0xa2,0x80,
0x0a,0x28,0xa2,0x80,0x0a,0x28,0xa2,0x80,0x0a,0x28,0xa2,0x80,0x0a,0x28,0xa2,0x80,
0x0a,0xfc,0x03,0xff,0x00,0x9d,0xa6,0x3f,0xee,0xd5,0xbf,0xf7,0x77,0xaf,0xdf,0xca,
0xfc,0x03,0xff,0x00,0x9d,0xa6,0x3f,0xee,0xd5,0xbf,0xf7,0x77,0xa0,0x0f,0xdf,0xca,
0x28,0xa2,0x80,0x0a,0x28,0xa2,0x80,0x0a,0x28,0xa2,0x80,0x0a,0x28,0xa2,0x80,0x0a,
0x28,0xa2,0x80,0x0a,0x28,0xa2,0x80,0x0a,0x28,0xa2,0x80,0x0a,0x28,0xa2,0x80,0x0a,
0x28,0xa2,0x80,0x0a,0x28,0xa2,0x80,0x0a,0x28,0xa2,0x80,0x0a,0x28,0xa2,0x80,0x0a,
0x28,0xa2,0x80,0x0a,0x28,0xa2,0x80,0x0a,0x28,0xa2,0x80,0x0a,0x28,0xa2,0x80,0x0a,
0x28,0xa2,0x80,0x0a,0x28,0xa2,0x80,0x0a,0xf0,0xcf,0x8b,0x5f,0xf2,0x3f,0x7c,0x2f,
0xff,0x00,0xb1,0x9a,0xe3,0xff,0x00,0x4c,0x3a,0xb5,0x7b,0x9d,0x73,0xba,0xaf,0x86,
0xf4,0x6d,0x73,0x50,0xd2,0xb5,0x3d,0x52,0x0f,0x36,0x7d,0x16,0xe5,0xaf,0x2c,0x9f,
0x71,0x5f,0x2e,0x66,0xb7,0x96,0xd4,0xb6,0x14,0x80,0x73,0x0c,0xf2,0x2e,0x08,0x23,
0x9c,0xe0,0x10,0xa4,0x00,0x74,0x54,0x53,0x72,0x7d,0x28,0xc9,0xf4,0xa0,0x07,0x51,
0x4d,0xc9,0xf4,0xa3,0x27,0xd2,0x80,0x1d,0x45,0x37,0x27,0xd2,0x8c,0x9f,0x4a,0x00,
0x75,0x14,0xdc,0x9f,0x4a,0x32,0x7d,0x28,0x01,0xd4,0x53,0x72,0x7d,0x28,0xc9,0xf4,
0xa0,0x0f,0xc0,0x6f,0xf8,0x3a,0x2b,0xfe,0x50,0x55,0xf1,0xcb,0xfe,0xe5,0x9f,0xfd,
0x49,0xb4,0xaa,0xfd,0xfb,0xaf,0xc0,0x0f,0xf8,0x3a,0x23,0x07,0xfe,0x08,0x5b,0xf1,
0xc4,0xff,0x00,0xd8,0xb3,0xff,0x00,0xa9,0x36,0x95,0xed,0xc5,0x7e,0xff,0x00,0xd0,
0x01,0x45,0x14,0x50,0x07,0xff,0xd6,0xfe,0xfe,0x2b,0xf3,0xff,0x00,0xfe,0x0a,0xc3,
0xff,0x00,0x28,0xb4,0xfd,0xa5,0x7f,0xec,0x95,0x78,0xcb,0xff,0x00,0x4c,0x97,0x75,
0xfa,0x01,0x5f,0x9f,0xff,0x00,0xf0,0x56,0x1f,0xf9,0x45,0xa7,0xed,0x2b,0xff,0x00,
0x64,0xab,0xc6,0x5f,0xfa,0x64,0xbb,0xa0,0x03,0xfe,0x09,0x41,0xff,0x00,0x28,0xb4,
0xfd,0x9a,0x7f,0xec,0x95,0x78,0x37,0xff,0x00,0x4c,0x96,0x75,0xfa,0x01,0x5f,0x9f,
0xff,0x00,0xf0,0x4a,0x0f,0xf9,0x45,0xa7,0xec,0xd3,0xff,0x00,0x64,0xab,0xc1,0xbf,
0xfa,0x64,0xb3,0xaf,0xd0,0x0a,0x00,0x28,0xa2,0x8a,0x00,0x28,0xa2,0x8a,0x00,0x28,
0xa2,0x8a,0x00,0x28,0xa2,0x8a,0x00,0x28,0xa2,0x8a,0x00,0x28,0xa2,0x8a,0x00,0x2b,
0xf0,0x0f,0xfe,0x76,0x98,0xff,0x00,0xbb,0x56,0xff,0x00,0xdd,0xde,0xbf,0x7f,0x2b,
0xf0,0x0f,0xfe,0x76,0x98,0xff,0x00,0xbb,0x56,0xff,0x00,0xdd,0xde,0x80,0x3f,0x7f,
0x28,0xa2,0x8a,0x00,0x28,0xa2,0x8a,0x00,0x28,0xa2,0x8a,0x00,0x28,0xa2,0x8a,0x00,
0x28,0xa2,0x8a,0x00,0x28,0xa2,0x8a,0x00,0x28,0xa2,0x8a,0x00,0x28,0xa2,0x8a,0x00,
0x28,0xa2,0x8a,0x00,0x28,0xa2,0x8a,0x00,0x28,0xa2,0x8a,0x00,0x28,0xa2,0x8a,0x00,
0x28,0xa2,0x8a,0x00,0x28,0xa2,0x8a,0x00,0x28,0xa2,0x8a,0x00,0x28,0xa2,0x8a,0x00,
0x28,0xa2,0x8a,0x00,0x28,0xa2,0x8a,0x00,0x28,0xa2,0x8a,0x00,0x28,0xa2,0x8a,0x00,
0x28,0xa2,0x8a,0x00,0x28,0xa2,0x8a,0x00,0x28,0xa2,0x8a,0x00,0x28,0xa2,0x8a,0x00,
0xfc,0x02,0xff,0x00,0x83,0xa2,0xff,0x00,0xe5,0x05,0x7f,0x1c,0xbf,0xee,0x59,0xff,
0x00,0xd4,0x9f,0x49,0xaf,0xdf,0xda,0xfc,0x02,0xff,0x00,0x83,0xa2,0xff,0x00,0xe5,
0x05,0x7f,0x1c,0xbf,0xee,0x59,0xff,0x00,0xd4,0x9f,0x49,0xaf,0xdf,0xda,0x00,0x28,
0xa2,0x8a,0x00,0xff,0xd7,0xfe,0xfe,0x2b,0xf3,0xff,0x00,0xfe,0x0a,0xc3,0xff,0x00,
0x28,0xb4,0xfd,0xa5,0x7f,0xec,0x95,0x78,0xcb,0xff,0x00,0x4c,0x97,0x75,0xfa,0x01,
0x5f,0x9f,0xff,0x00,0xf0,0x56,0x1f,0xf9,0x45,0xa7,0xed,0x2b,0xff,0x00,0x64,0xab,
0xc6,0x5f,0xfa,0x64,0xbb,0xa0,0x03,0xfe,0x09,0x41,0xff,0x00,0x28,0xb4,0xfd,0x9a,
0x7f,0xec,0x95,0x78,0x37,0xff,0x00,0x4c,0x96,0x75,0xfa,0x01,0x5f,0xca,0x1f,0xfc,
0x13,0xe3,0xfe,0x22,0x44,0xff,0x00,0x86,0x06,0xf8,0x1f,0xff,0x00,0x0a,0x33,0xfe,
0x19,0xb3,0xfe,0x10,0x9f,0xf8,0x40,0x3c,0x35,0xff,0x00,0x08,0xff,0x00,0xf6,0xef,
0xfc,0x26,0x1f,0xda,0x9f,0xd9,0x5f,0xd9,0x56,0xdf,0x62,0xfb,0x7f,0xd9,0x7f,0x71,
0xf6,0xaf,0x23,0x67,0x9f,0xe4,0xfe,0xef,0xcc,0xdd,0xb3,0xe5,0xc5,0x7d,0x81,0xff,
0x00,0x1d,0x4c,0x7f,0xd5,0xab,0x7f,0xe5,0xef,0x40,0x1f,0xbf,0x94,0x57,0xe0,0x1f,
0xfc,0x75,0x31,0xff,0x00,0x56,0xad,0xff,0x00,0x97,0xbd,0x1f,0xf1,0xd4,0xc7,0xfd,
0x5a,0xb7,0xfe,0x5e,0xf4,0x01,0xfb,0xf9,0x45,0x7e,0x01,0xff,0x00,0xc7,0x53,0x1f,
0xf5,0x6a,0xdf,0xf9,0x7b,0xd1,0xff,0x00,0x1d,0x4c,0x7f,0xd5,0xab,0x7f,0xe5,0xef,
0x40,0x1f,0xbf,0x94,0x57,0xe0,0x1f,0xfc,0x75,0x31,0xff,0x00,0x56,0xad,0xff,0x00,
0x97,0xbd,0x1f,0xf1,0xd4,0xc7,0xfd,0x5a,0xb7,0xfe,0x5e,0xf4,0x01,0xfb,0xf9,0x45,
0x7e,0x01,0xff,0x00,0xc7,0x53,0x1f,0xf5,0x6a,0xdf,0xf9,0x7b,0xd1,0xff,0x00,0x1d,
0x4c,0x7f,0xd5,0xab,0x7f,0xe5,0xef,0x40,0x1f,0xbf,0x94,0x57,0xe0,0x1f,0xfc,0x75,
0x31,0xff,0x00,0x56,0xad,0xff,0x00,0x97,0xbd,0x1f,0xf1,0xd4,0xc7,0xfd,0x5a,0xb7,
0xfe,0x5e,0xf4,0x01,0xfb,0xf9,0x45,0x7e,0x01,0xff,0x00,0xc7,0x53,0x1f,0xf5,0x6a,
0xdf,0xf9,0x7b,0xd1,0xff,0x00,0x1d,0x4c,0x7f,0xd5,0xab,0x7f,0xe5,0xef,0x40,0x1f,
0xbf,0x95,0xf8,0x07,0xff,0x00,0x3b,0x4c,0x7f,0xdd,0xab,0x7f,0xee,0xef,0x47,0xfc,
0x75,0x31,0xff,0x00,0x56,0xad,0xff,0x00,0x97,0xbd,0x7c,0x7d,0xff,0x00,0x0c,0x53,
0xff,0x00,0x07,0x21,0xff,0x00,0xc3,0x7b,0xff,0x00,0xc3,0xc5,0xbe,0xdf,0xfb,0x35,
0xff,0x00,0xc2,0x6d,0xff,0x00,0x08,0x07,0xfc,0x2b,0x8f,0xb1,0x79,0xbe,0x30,0xfe,
0xca,0xfe,0xca,0xfe,0xd5,0xfe,0xd7,0xf3,0xbc,0x9f,0x23,0xcf,0xfb,0x57,0x9f,0xf2,
0xef,0xfb,0x47,0x97,0xe5,0xf1,0xe5,0x6e,0xf9,0xa8,0x03,0xfa,0xbd,0xa2,0xbf,0x00,
0xff,0x00,0xe3,0xa9,0x8f,0xfa,0xb5,0x6f,0xfc,0xbd,0xe8,0xff,0x00,0x8e,0xa6,0x3f,
0xea,0xd5,0xbf,0xf2,0xf7,0xa0,0x0f,0xdf,0xca,0x2b,0xf0,0x0f,0xfe,0x3a,0x98,0xff,
0x00,0xab,0x56,0xff,0x00,0xcb,0xde,0x8f,0xf8,0xea,0x63,0xfe,0xad,0x5b,0xff,0x00,
0x2f,0x7a,0x00,0xfd,0xfc,0xa2,0xbf,0x00,0xff,0x00,0xe3,0xa9,0x8f,0xfa,0xb5,0x6f,
0xfc,0xbd,0xe8,0xff,0x00,0x8e,0xa6,0x3f,0xea,0xd5,0xbf,0xf2,0xf7,0xa0,0x0f,0xdf,
0xca,0x2b,0xf0,0x0f,0xfe,0x3a,0x98,0xff,0x00,0xab,0x56,0xff,0x00,0xcb,0xde,0x8f,
0xf8,0xea,0x63,0xfe,0xad,0x5b,0xff,0x00,0x2f,0x7a,0x00,0xfd,0xfc,0xa2,0xbf,0x00,
0xff,0x00,0xe3,0xa9,0x8f,0xfa,0xb5,0x6f,0xfc,0xbd,0xe8,0xff,0x00,0x8e,0xa6,0x3f,
0xea,0xd5,0xbf,0xf2,0xf7,0xa0,0x0f,0xdf,0xca,0x2b,0xf0,0x0f,0xfe,0x3a,0x98,0xff,
0x00,0xab,0x56,0xff,0x00,0xcb,0xde,0x8f,0xf8,0xea,0x63,0xfe,0xad,0x5b,0xff,0x00,
0x2f,0x7a,0x00,0xfd,0xfc,0xa2,0xbf,0x00,0xff,0x00,0xe3,0xa9,0x8f,0xfa,0xb5,0x6f,
0xfc,0xbd,0xe8,0xff,0x00,0x8e,0xa6,0x3f,0xea,0xd5,0xbf,0xf2,0xf7,0xa0,0x0f,0xdf,
0xca,0x2b,0xf0,0x0f,0xfe,0x3a,0x98,0xff,0x00,0xab,0x56,0xff,0x00,0xcb,0xde,0x8f,
0xf8,0xea,0x63,0xfe,0xad,0x5b,0xff,0x00,0x2f,0x7a,0x00,0xfd,0xfc,0xa2,0xbf,0x00,
0xff,0x00,0xe3,0xa9,0x8f,0xfa,0xb5,0x6f,0xfc,0xbd,0xe8,0xff,0x00,0x8e,0xa6,0x3f,
0xea,0xd5,0xbf,0xf2,0xf7,0xa0,0x0f,0xdf,0xca,0x2b,0xf0,0x0f,0xfe,0x3a,0x98,0xff,
0x00,0xab,0x56,0xff,0x00,0xcb,0xde,0x8f,0xf8,0xea,0x63,0xfe,0xad,0x5b,0xff,0x00,
0x2f,0x7a,0x00,0xfd,0xfc,0xa2,0xbf,0x00,0xff,0x00,0xe3,0xa9,0x8f,0xfa,0xb5,0x6f,
0xfc,0xbd,0xe8,0xff,0x00,0x8e,0xa6,0x3f,0xea,0xd5,0xbf,0xf2,0xf7,0xa0,0x0f,0xdf,
0xca,0x2b,0xf0,0x0f,0xfe,0x3a,0x98,0xff,0x00,0xab,0x56,0xff,0x00,0xcb,0xde,0x8f,
0xf8,0xea,0x63,0xfe,0xad,0x5b,0xff,0x00,0x2f,0x7a,0x00,0xfd,0xfc,0xa2,0xbf,0x00,
0xff,0x00,0xe3,0xa9,0x8f,0xfa,0xb5,0x6f,0xfc,0xbd,0xe8,0xff,0x00,0x8e,0xa6,0x3f,
0xea,0xd5,0xbf,0xf2,0xf7,0xa0,0x0f,0xdf,0xca,0x2b,0xf0,0x0f,0xfe,0x3a,0x98,0xff,
0x00,0xab,0x56,0xff,0x00,0xcb,0xde,0x8f,0xf8,0xea,0x63,0xfe,0xad,0x5b,0xff,0x00,
0x2f,0x7a,0x00,0xfd,0xfc,0xa2,0xbf,0x00,0xff,0x00,0xe3,0xa9,0x8f,0xfa,0xb5,0x6f,
0xfc,0xbd,0xe8,0xff,0x00,0x8e,0xa6,0x3f,0xea,0xd5,0xbf,0xf2,0xf7,0xa0,0x0f,0xdf,
0xca,0x2b,0xf0,0x0f,0xfe,0x3a,0x98,0xff,0x00,0xab,0x56,0xff,0x00,0xcb,0xde,0x8f,
0xf8,0xea,0x63,0xfe,0xad,0x5b,0xff,0x00,0x2f,0x7a,0x00,0xfd,0xfc,0xa2,0xbf,0x00,
0xff,0x00,0xe3,0xa9,0x8f,0xfa,0xb5,0x6f,0xfc,0xbd,0xe8,0xff,0x00,0x8e,0xa6,0x3f,
0xea,0xd5,0xbf,0xf2,0xf7,0xa0,0x0f,0xdf,0xca,0x2b,0xf0,0x0f,0xfe,0x3a,0x98,0xff,
0x00,0xab,0x56,0xff,0x00,0xcb,0xde,0x8f,0xf8,0xea,0x63,0xfe,0xad,0x5b,0xff,0x00,
0x2f,0x7a,0x00,0xfd,0xfc,0xa2,0xbf,0x00,0xff,0x00,0xe3,0xa9,0x8f,0xfa,0xb5,0x6f,
0xfc,0xbd,0xe8,0xff,0x00,0x8e,0xa6,0x3f,0xea,0xd5,0xbf,0xf2,0xf7,0xa0,0x0f,0xdf,
0xca,0x2b,0xf0,0x0f,0xfe,0x3a,0x98,0xff,0x00,0xab,0x56,0xff,0x00,0xcb,0xde,0x8f,
0xf8,0xea,0x63,0xfe,0xad,0x5b,0xff,0x00,0x2f,0x7a,0x00,0xfd,0xfc,0xa2,0xbf,0x00,
0xff,0x00,0xe3,0xa9,0x8f,0xfa,0xb5,0x6f,0xfc,0xbd,0xe8,0xff,0x00,0x8e,0xa6,0x3f,
0xea,0xd5,0xbf,0xf2,0xf7,0xa0,0x0f,0xdf,0xca,0x2b,0xf0,0x0f,0xfe,0x3a,0x98,0xff,
0x00,0xab,0x56,0xff,0x00,0xcb,0xde,0x8f,0xf8,0xea,0x63,0xfe,0xad,0x5b,0xff,0x00,
0x2f,0x7a,0x00,0xfd,0xfc,0xa2,0xbf,0x00,0xff,0x00,0xe3,0xa9,0x8f,0xfa,0xb5,0x6f,
0xfc,0xbd,0xe8,0xff,0x00,0x8e,0xa6,0x3f,0xea,0xd5,0xbf,0xf2,0xf7,0xa0,0x0f,0xdf,
0xca,0x2b,0xf0,0x0f,0xfe,0x3a,0x98,0xff,0x00,0xab,0x56,0xff,0x00,0xcb,0xde,0x8f,
0xf8,0xea,0x63,0xfe,0xad,0x5b,0xff,0x00,0x2f,0x7a,0x00,0x4f,0xf8,0x3a,0x2f,0xfe,
0x50,0x57,0xf1,0xcb,0xfe,0xe5,0x9f,0xfd,0x49,0xf4,0x9a,0xfd,0xfd,0xaf,0xe2,0x13,
0xfe,0x0b,0xcb,0xff,0x00,0x0f,0xf0,0xff,0x00,0x87,0x4f,0xfc,0x55,0xff,0x00,0x86,
0xd3,0xff,0x00,0x85,0x03,0xff,0x00,0x0a,0xcf,0xfe,0x24,0x5f,0xdb,0x3f,0xf0,0x84,
0xff,0x00,0xc2,0x53,0xfd,0xbb,0xff,0x00,0x21,0xdd,0x3f,0xec,0xbf,0x64,0xfe,0xd1,
0xff,0x00,0x44,0xff,0x00,0x8f,0xaf,0x27,0xcd,0xf3,0x3f,0xe5,0x8e,0xfd,0xbf,0x3e,
0xda,0xfe,0xde,0xe8,0x00,0xa2,0x8a,0x28,0x03,0xff,0xd0,0xfe,0xfe,0x2b,0xf3,0xff,
0x00,0xfe,0x0a,0xc3,0xff,0x00,0x28,0xb4,0xfd,0xa5,0x7f,0xec,0x95,0x78,0xcb,0xff,
0x00,0x4c,0x97,0x75,0xfa,0x01,0x5f,0x9f,0xff,0x00,0xf0,0x56,0x1f,0xf9,0x45,0xa7,
0xed,0x2b,0xff,0x00,0x64,0xab,0xc6,0x5f,0xfa,0x64,0xbb,0xa0,0x03,0xfe,0x09,0x41,
0xff,0x00,0x28,0xb4,0xfd,0x9a,0x7f,0xec,0x95,0x78,0x37,0xff,0x00,0x4c,0x96,0x75,
0xfa,0x01,0x5f,0x9f,0xff,0x00,0xf0,0x4a,0x0f,0xf9,0x45,0xa7,0xec,0xd3,0xff,0x00,
0x64,0xab,0xc1,0xbf,0xfa,0x64,0xb3,0xaf,0xd0,0x0a,0x00,0x28,0xa2,0x8a,0x00,0x28,
0xa2,0x8a,0x00,0x28,0xa2,0x8a,0x00,0x28,0xa2,0x8a,0x00,0x28,0xa2,0x8a,0x00,0x28,
0xa2,0x8a,0x00,0x28,0xa2,0x8a,0x00,0x28,0xa2,0x8a,0x00,0x28,0xa2,0x8a,0x00,0x28,
0xa2,0x8a,0x00,0x28,0xa2,0x8a,0x00,0x28,0xa2,0x8a,0x00,0x28,0xa2,0x8a,0x00,0x28,
0xa2,0x8a,0x00,0x28,0xa2,0x8a,0x00,0x28,0xa2,0x8a,0x00,0x28,0xa2,0x8a,0x00,0x28,
0xa2,0x8a,0x00,0x28,0xa2,0x8a,0x00,0x28,0xa2,0x8a,0x00,0x28,0xa2,0x8a,0x00,0x28,
0xa2,0x8a,0x00,0x28,0xa2,0x8a,0x00,0x28,0xa2,0x8a,0x00,0x28,0xa2,0x8a,0x00,0x28,
0xa2,0x8a,0x00,0x28,0xa2,0x8a,0x00,0x28,0xa2,0x8a,0x00,0x28,0xa2,0x8a,0x00,0x28,
0xa2,0x8a,0x00,0x28,0xa2,0x8a,0x00,0xfc,0x02,0xff,0x00,0x83,0xa2,0xff,0x00,0xe5,
0x05,0x7f,0x1c,0xbf,0xee,0x59,0xff,0x00,0xd4,0x9f,0x49,0xaf,0xdf,0xda,0xfc,0x02,
0xff,0x00,0x83,0xa2,0xff,0x00,0xe5,0x05,0x7f,0x1c,0xbf,0xee,0x59,0xff,0x00,0xd4,
0x9f,0x49,0xaf,0xdf,0xda,0x00,0x28,0xa2,0x8a,0x00,0xff,0xd1,0xfe,0xfe,0x2b,0xf3,
0xff,0x00,0xfe,0x0a,0xc3,0xff,0x00,0x28,0xb4,0xfd,0xa5,0x7f,0xec,0x95,0x78,0xcb,
0xff,0x00,0x4c,0x97,0x75,0xfa,0x01,0x5f,0x9f,0xff,0x00,0xf0,0x56,0x1f,0xf9,0x45,
0xa7,0xed,0x2b,0xff,0x00,0x64,0xab,0xc6,0x5f,0xfa,0x64,0xbb,0xa0,0x03,0xfe,0x09,
0x41,0xff,0x00,0x28,0xb4,0xfd,0x9a,0x7f,0xec,0x95,0x78,0x37,0xff,0x00,0x4c,0x96,
0x75,0xfa,0x01,0x5f,0x9f,0xff,0x00,0xf0,0x4a,0x0f,0xf9,0x45,0xa7,0xec,0xd3,0xff,
0x00,0x64,0xab,0xc1,0xbf,0xfa,0x64,0xb3,0xaf,0xba,0x75,0x4d,0x53,0x4b,0xf0,0xfe,
0x99,0x71,0xad,0x6b,0x77,0x11,0x59,0xd8,0xd9,0xc4,0xf3,0x4f,0x3c,0xce,0xa9,0x14,
0x51,0x46,0xbb,0x9d,0xdd,0xdb,0x0a,0xa8,0xaa,0x09,0x24,0x90,0x00,0x14,0x01,0xaf,
0x45,0x7e,0x7f,0xff,0x00,0xc3,0xd8,0x7f,0xe0,0x96,0x9f,0xf4,0x72,0xbf,0x0a,0xbf,
0xf0,0xb2,0xd1,0x3f,0xf9,0x2e,0xbe,0x87,0xff,0x00,0x86,0x9f,0xfd,0x9a,0x53,0xe0,
0xdc,0x7f,0xb4,0x53,0x7c,0x42,0xf0,0xc8,0xf8,0x7b,0x34,0x6d,0x34,0x5e,0x27,0xfe,
0xd6,0xb3,0xfe,0xc6,0x78,0xd1,0x99,0x19,0xd7,0x50,0xf3,0x7e,0xcc,0x55,0x59,0x19,
0x49,0x12,0x60,0x15,0x23,0xb5,0x00,0x7b,0xcd,0x15,0xe2,0x7f,0x05,0xff,0x00,0x68,
0xcf,0xd9,0xef,0xf6,0x8f,0xd1,0x2e,0x3c,0x4d,0xfb,0x3b,0x78,0xef,0xc3,0xbe,0x3c,
0xd3,0x6d,0x24,0x10,0xcf,0x77,0xe1,0xcd,0x52,0xd3,0x54,0x82,0x29,0x3b,0x23,0xc9,
0x69,0x24,0xa8,0xad,0xc1,0xe0,0x9c,0xf1,0x5e,0xd9,0x40,0x05,0x14,0x51,0x40,0x05,
0x14,0x51,0x40,0x05,0x14,0x51,0x40,0x05,0x14,0x51,0x40,0x05,0x14,0x51,0x40,0x05,
0x14,0x51,0x40,0x05,0x14,0x51,0x40,0x05,0x14,0x51,0x40,0x05,0x14,0x51,0x40,0x05,
0x14,0x51,0x40,0x05,0x14,0x51,0x40,0x05,0x14,0x51,0x40,0x05,0x14,0x51,0x40,0x05,
0x14,0x51,0x40,0x05,0x14,0x51,0x40,0x05,0x14,0x51,0x40,0x05,0x14,0x51,0x40,0x05,
0x14,0x51,0x40,0x05,0x14,0x51,0x40,0x05,0x14,0x51,0x40,0x05,0x14,0x51,0x40,0x05,
0x14,0x51,0x40,0x05,0x14,0x51,0x40,0x05,0x14,0x51,0x40,0x05,0x14,0x51,0x40,0x05,
0x14,0x51,0x40,0x05,0x14,0x51,0x40,0x05,0x14,0x51,0x40,0x05,0x14,0x51,0x40,0x1f,
0x80,0x5f,0xf0,0x74,0x5f,0xfc,0xa0,0xaf,0xe3,0x97,0xfd,0xcb,0x3f,0xfa,0x93,0xe9,
0x35,0xfb,0xfb,0x5f,0x80,0x5f,0xf0,0x74,0x5f,0xfc,0xa0,0xaf,0xe3,0x97,0xfd,0xcb,
0x3f,0xfa,0x93,0xe9,0x35,0xfb,0xfb,0x40,0x05,0x14,0x51,0x40,0x1f,0xff,0xd2,0xfe,
0xfe,0x2b,0xf3,0xff,0x00,0xfe,0x0a,0xc3,0xff,0x00,0x28,0xb4,0xfd,0xa5,0x7f,0xec,
0x95,0x78,0xcb,0xff,0x00,0x4c,0x97,0x75,0xfa,0x01,0x5f,0x9f,0xff,0x00,0xf0,0x56,
0x1f,0xf9,0x45,0xa7,0xed,0x2b,0xff,0x00,0x64,0xab,0xc6,0x5f,0xfa,0x64,0xbb,0xa0,
0x03,0xfe,0x09,0x41,0xff,0x00,0x28,0xb4,0xfd,0x9a,0x7f,0xec,0x95,0x78,0x37,0xff,
0x00,0x4c,0x96,0x75,0xf7,0x17,0x88,0x3c,0x3f,0xa3,0xf8,0xab,0x40,0xbd,0xf0,0xbf,
0x88,0x6d,0xd6,0xea,0xc3,0x52,0xb7,0x92,0xd6,0xe6,0x07,0xfb,0xb2,0x43,0x32,0x14,
0x91,0x0e,0x31,0xc3,0x29,0x20,0xe3,0xb5,0x7c,0x3b,0xff,0x00,0x04,0xa0,0xff,0x00,
0x94,0x5a,0x7e,0xcd,0x3f,0xf6,0x4a,0xbc,0x1b,0xff,0x00,0xa6,0x4b,0x3a,0xfd,0x00,
0xa0,0x0f,0xf3,0xfe,0xfd,0xba,0xff,0x00,0xe0,0x9a,0xbf,0xb0,0x87,0xc3,0x8f,0xf8,
0x39,0x2b,0xf6,0x5e,0xfd,0x94,0xbc,0x0d,0xf0,0xbf,0x44,0xd3,0x3e,0x1d,0x78,0xc3,
0xc2,0xcf,0x79,0xac,0xe8,0x10,0xc2,0xc2,0xce,0xf6,0x70,0xda,0xd8,0xf3,0x25,0x42,
0xd9,0x27,0x16,0xf1,0x74,0x23,0xee,0x2d,0x77,0x3f,0xb7,0x77,0xec,0xd3,0xf0,0x1f,
0xe2,0x87,0xfc,0x1c,0x13,0xfb,0x39,0x7f,0xc1,0x27,0xfe,0x2f,0x69,0xeb,0xe1,0x9f,
0xd9,0xb3,0xc3,0x1e,0x18,0x6d,0x47,0xc3,0xbe,0x0f,0xb7,0x9a,0x5b,0x4d,0x2e,0xf6,
0xfa,0xe5,0x35,0x2b,0xb6,0x00,0xab,0x83,0xba,0xe6,0xee,0x21,0x6e,0x70,0xc0,0x95,
0x8f,0xca,0x4d,0xa5,0xf9,0xfe,0xa6,0x7e,0x36,0x7f,0xc1,0x2c,0xbf,0x67,0xef,0x8f,
0x1f,0xf0,0x50,0xef,0x86,0xbf,0xf0,0x52,0xcf,0x17,0xeb,0x1e,0x20,0xb6,0xf1,0xd7,
0xc2,0xcd,0x30,0xe9,0x5a,0x4d,0x85,0x9d,0xc5,0xa2,0x69,0x13,0x42,0x4d,0xe1,0xdd,
0x75,0x0c,0x96,0x92,0x5c,0x33,0xff,0x00,0xa7,0x49,0xcc,0x77,0x11,0x8f,0x95,0x38,
0xe0,0xee,0xaf,0xff,0x00,0x05,0x18,0xff,0x00,0x82,0x4a,0x7e,0xc6,0x9f,0xf0,0x54,
0x3f,0x0e,0x68,0xfa,0x67,0xed,0x2d,0xa4,0xde,0x43,0xad,0xf8,0x6c,0xb9,0xd1,0xbc,
0x47,0xa1,0xdc,0x0b,0x1d,0x63,0x4f,0xf3,0x30,0x48,0x86,0x7d,0x92,0x23,0x26,0xe0,
0x1c,0x47,0x34,0x52,0x46,0x1c,0x06,0x0a,0x0d,0x00,0x7f,0x31,0x5f,0x1b,0x3e,0x00,
0xfc,0x17,0xff,0x00,0x82,0x5d,0xff,0x00,0xc1,0xcb,0x5f,0xb3,0x6f,0x82,0x7f,0xe0,
0x9c,0x76,0xa3,0xc2,0x90,0x7c,0x51,0xd3,0xd6,0xd3,0xc6,0x9e,0x11,0xd3,0x2e,0x1d,
0xac,0xfe,0xc3,0x3c,0x93,0xc2,0xf3,0x3c,0x0e,0xcf,0xe5,0xa1,0x86,0x2f,0xb4,0x88,
0xf8,0x55,0x92,0xd4,0x4a,0x80,0x12,0x49,0xfe,0x99,0xff,0x00,0x60,0xaf,0x85,0x97,
0x7e,0x00,0xf8,0xf9,0xfb,0x42,0xeb,0xb3,0x7e,0xd2,0xb7,0x3f,0x1c,0xd7,0x5d,0xf1,
0x60,0x9c,0x78,0x62,0x7b,0xc8,0x2e,0x97,0xc0,0x2c,0x1a,0xe1,0x8e,0x90,0xb1,0xc5,
0x75,0x70,0x6d,0xc9,0x12,0x05,0xf2,0xcc,0x56,0xc0,0x2c,0x09,0x88,0x43,0x6f,0x66,
0xf2,0x9f,0xf8,0x27,0xd7,0xfc,0x10,0xaf,0xf6,0x20,0xff,0x00,0x82,0x74,0xfc,0x57,
0xd4,0xbf,0x68,0x3f,0x87,0x52,0x78,0x8f,0xc7,0x1f,0x11,0x75,0x28,0x5e,0xd8,0xf8,
0xab,0xc6,0xba,0x8a,0xea,0x7a,0x9c,0x30,0x48,0xa1,0x24,0x8e,0x16,0x8a,0x0b,0x68,
0x53,0x72,0x28,0x43,0x27,0x94,0x65,0xd8,0x36,0x6f,0xd8,0x59,0x4f,0xdd,0x1f,0xb3,
0xdf,0xec,0x41,0xfb,0x2b,0xfe,0xca,0x9f,0x10,0xfe,0x22,0x7c,0x55,0xfd,0x9f,0x3c,
0x1d,0x6d,0xe1,0x9d,0x7f,0xe2,0xbe,0xa8,0xba,0xcf,0x8a,0xee,0xe0,0x96,0xe2,0x43,
0xa8,0xde,0x2b,0x4c,0xeb,0x21,0x49,0xa5,0x74,0x84,0x07,0xb8,0x99,0x84,0x70,0x2c,
0x71,0xee,0x91,0x9b,0x6e,0x49,0xa0,0x0f,0xac,0xe8,0xa2,0x8a,0x00,0x28,0xa2,0x8a,
0x00,0x28,0xa2,0x8a,0x00,0x28,0xa2,0x8a,0x00,0x28,0xa2,0x8a,0x00,0x28,0xa2,0x8a,
0x00,0x28,0xa2,0x8a,0x00,0x28,0xa2,0x8a,0x00,0x28,0xa2,0x8a,0x00,0x28,0xa2,0x8a,
0x00,0x28,0xa2,0x8a,0x00,0x28,0xa2,0x8a,0x00,0x28,0xa2,0x8a,0x00,0x28,0xa2,0x8a,
0x00,0x28,0xa2,0x8a,0x00,0x28,0xa2,0x8a,0x00,0x28,0xa2,0x8a,0x00,0x28,0xa2,0x8a,
0x00,0x28,0xa2,0x8a,0x00,0x28,0xa2,0x8a,0x00,0x28,0xa2,0x8a,0x00,0x28,0xa2,0x8a,
0x00,0x28,0xa2,0x8a,0x00,0x28,0xa2,0x8a,0x00,0x28,0xa2,0x8a,0x00,0x28,0xa2,0x8a,
0x00,0x28,0xa2,0x8a,0x00,0x28,0xa2,0x8a,0x00,0x28,0xa2,0x8a,0x00,0xfc,0x02,0xff,
0x00,0x83,0xa2,0xff,0x00,0xe5,0x05,0x7f,0x1c,0xbf,0xee,0x59,0xff,0x00,0xd4,0x9f,
0x49,0xaf,0xdf,0xda,0xfc,0x02,0xff,0x00,0x83,0xa2,0xff,0x00,0xe5,0x05,0x7f,0x1c,
0xbf,0xee,0x59,0xff,0x00,0xd4,0x9f,0x49,0xaf,0xdf,0xda,0x00,0x28,0xa2,0x8a,0x00,
0xff,0xd3,0xfe,0xfe,0x2b,0xf3,0xff,0x00,0xfe,0x0a,0xc3,0xff,0x00,0x28,0xb4,0xfd,
0xa5,0x7f,0xec,0x95,0x78,0xcb,0xff,0x00,0x4c,0x97,0x75,0xfa,0x01,0x5f,0x9f,0xff,
0x00,0xf0,0x56,0x1f,0xf9,0x45,0xa7,0xed,0x2b,0xff,0x00,0x64,0xab,0xc6,0x5f,0xfa,
0x64,0xbb,0xa0,0x03,0xfe,0x09,0x41,0xff,0x00,0x28,0xb4,0xfd,0x9a,0x7f,0xec,0x95,
0x78,0x37,0xff,0x00,0x4c,0x96,0x75,0xfa,0x01,0x5f,0x9f,0xff,0x00,0xf0,0x4a,0x0f,
0xf9,0x45,0xa7,0xec,0xd3,0xff,0x00,0x64,0xab,0xc1,0xbf,0xfa,0x64,0xb3,0xaf,0xd0,
0x0a,0x00,0x28,0xa2,0x8a,0x00,0x28,0xa2,0x8a,0x00,0x28,0xa2,0x8a,0x00,0x28,0xa2,
0x8a,0x00,0x28,0xa2,0x8a,0x00,0x28,0xa2,0x8a,0x00,0x28,0xa2,0x8a,0x00,0x28,0xa2,
0x8a,0x00,0x28,0xa2,0x8a,0x00,0x28,0xa2,0x8a,0x00,0x28,0xa2,0x8a,0x00,0x28,0xa2,
0x8a,0x00,0x28,0xa2,0x8a,0x00,0x28,0xa2,0x8a,0x00,0x28,0xa2,0x8a,0x00,0x28,0xa2,
0x8a,0x00,0x28,0xa2,0x8a,0x00,0x28,0xa2,0x8a,0x00,0x28,0xa2,0x8a,0x00,0x28,0xa2,
0x8a,0x00,0x28,0xa2,0x8a,0x00,0x28,0xa2,0x8a,0x00,0x28,0xa2,0x8a,0x00,0x28,0xa2,
0x8a,0x00,0x28,0xa2,0x8a,0x00,0x28,0xa2,0x8a,0x00,0x28,0xa2,0x8a,0x00,0x28,0xa2,
0x8a,0x00,0x28,0xa2,0x8a,0x00,0x28,0xa2,0x8a,0x00,0x28,0xa2,0x8a,0x00,0xfc,0x02,
0xff,0x00,0x83,0xa2,0xff,0x00,0xe5,0x05,0x7f,0x1c,0xbf,0xee,0x59,0xff,0x00,0xd4,
0x9f,0x49,0xaf,0xdf,0xda,0xfc,0x02,0xff,0x00,0x83,0xa2,0xff,0x00,0xe5,0x05,0x7f,
0x1c,0xbf,0xee,0x59,0xff,0x00,0xd4,0x9f,0x49,0xaf,0xdf,0xda,0x00,0x28,0xa2,0x8a,
0x00,0xff,0xd4,0xfe,0xfe,0x2b,0xf3,0xff,0x00,0xfe,0x0a,0xc3,0xff,0x00,0x28,0xb4,
0xfd,0xa5,0x7f,0xec,0x95,0x78,0xcb,0xff,0x00,0x4c,0x97,0x75,0xfa,0x01,0x5f,0x9f,
0xff,0x00,0xf0,0x56,0x1f,0xf9,0x45,0xa7,0xed,0x2b,0xff,0x00,0x64,0xab,0xc6,0x5f,
0xfa,0x64,0xbb,0xa0,0x03,0xfe,0x09,0x41,0xff,0x00,0x28,0xb4,0xfd,0x9a,0x7f,0xec,
0x95,0x78,0x37,0xff,0x00,0x4c,0x96,0x75,0xfa,0x01,0x5f,0x9f,0xff,0x00,0xf0,0x4a,
0x0f,0xf9,0x45,0xa7,0xec,0xd3,0xff,0x00,0x64,0xab,0xc1,0xbf,0xfa,0x64,0xb3,0xaf,
0xd0,0x0a,0x00,0x28,0xa2,0x8a,0x00,0x28,0xa2,0x8a,0x00,0x28,0xa2,0x8a,0x00,0x28,
0xa2,0x8a,0x00,0x28,0xa2,0x8a,0x00,0x28,0xa2,0x8a,0x00,0x28,0xa2,0x8a,0x00,0x28,
0xa2,0x8a,0x00,0x28,0xa2,0x8a,0x00,0x28,0xa2,0x8a,0x00,0x28,0xa2,0x8a,0x00,0x28,
0xa2,0x8a,0x00,0x28,0xa2,0x8a,0x00,0x28,0xa2,0x8a,0x00,0x28,0xa2,0x8a,0x00,0x28,
0xa2,0x8a,0x00,0x28,0xa2,0x8a,0x00,0x28,0xa2,0x8a,0x00,0x28,0xa2,0x8a,0x00,0x28,
0xa2,0x8a,0x00,0x28,0xa2,0x8a,0x00,0x28,0xa2,0x8a,0x00,0x28,0xa2,0x8a,0x00,0x28,
0xa2,0x8a,0x00,0x28,0xa2,0x8a,0x00,0x28,0xa2,0x8a,0x00,0x28,0xa2,0x8a,0x00,0x28,
0xa2,0x8a,0x00,0x28,0xa2,0x8a,0x00,0x28,0xa2,0x8a,0x00,0x28,0xa2,0x8a,0x00,0xfc,
0x02,0xff,0x00,0x83,0xa2,0xff,0x00,0xe5,0x05,0x7f,0x1c,0xbf,0xee,0x59,0xff,0x00,
0xd4,0x9f,0x49,0xaf,0xdf,0xda,0xfc,0x02,0xff,0x00,0x83,0xa2,0xff,0x00,0xe5,0x05,
0x7f,0x1c,0xbf,0xee,0x59,0xff,0x00,0xd4,0x9f,0x49,0xaf,0xdf,0xda,0x00,0x28,0xa2,
0x8a,0x00,0xff,0xd5,0xfe,0xfe,0x2b,0xf3,0xff,0x00,0xfe,0x0a,0xc3,0xff,0x00,0x28,
0xb4,0xfd,0xa5,0x7f,0xec,0x95,0x78,0xcb,0xff,0x00,0x4c,0x97,0x75,0xfa,0x01,0x5f,
0x9f,0xff,0x00,0xf0,0x56,0x1f,0xf9,0x45,0xa7,0xed,0x2b,0xff,0x00,0x64,0xab,0xc6,
0x5f,0xfa,0x64,0xbb,0xa0,0x03,0xfe,0x09,0x41,0xff,0x00,0x28,0xb4,0xfd,0x9a,0x7f,
0xec,0x95,0x78,0x37,0xff,0x00,0x4c,0x96,0x75,0xfa,0x01,0x5f,0x9f,0xff,0x00,0xf0,
0x4a,0x0f,0xf9,0x45,0xa7,0xec,0xd3,0xff,0x00,0x64,0xab,0xc1,0xbf,0xfa,0x64,0xb3,
0xaf,0xd0,0x0a,0x00,0x28,0xa2,0x8a,0x00,0x28,0xa2,0x8a,0x00,0x28,0xa2,0x8a,0x00,
0x28,0xa2,0x8a,0x00,0x28,0xa2,0x8a,0x00,0x28,0xa2,0x8a,0x00,0x28,0xa2,0x8a,0x00,
0x28,0xa2,0x8a,0x00,0x28,0xa2,0x8a,0x00,0x28,0xa2,0x8a,0x00,0x28,0xa2,0x8a,0x00,
0x28,0xa2,0x8a,0x00,0x28,0xa2,0x8a,0x00,0x28,0xa2,0x8a,0x00,0x28,0xa2,0x8a,0x00,
0x28,0xa2,0x8a,0x00,0x28,0xa2,0x8a,0x00,0x28,0xa2,0x8a,0x00,0x28,0xa2,0x8a,0x00,
0x28,0xa2,0x8a,0x00,0x28,0xa2,0x8a,0x00,0x28,0xa2,0x8a,0x00,0x28,0xa2,0x8a,0x00,
0x28,0xa2,0x8a,0x00,0x28,0xa2,0x8a,0x00,0x28,0xa2,0x8a,0x00,0x28,0xa2,0x8a,0x00,
0x28,0xa2,0x8a,0x00,0x28,0xa2,0x8a,0x00,0x28,0xa2,0x8a,0x00,0x28,0xa2,0x8a,0x00,
0xfc,0x02,0xff,0x00,0x83,0xa2,0xff,0x00,0xe5,0x05,0x7f,0x1c,0xbf,0xee,0x59,0xff,
0x00,0xd4,0x9f,0x49,0xaf,0xdf,0xda,0xfc,0x02,0xff,0x00,0x83,0xa2,0xff,0x00,0xe5,
0x05,0x7f,0x1c,0xbf,0xee,0x59,0xff,0x00,0xd4,0x9f,0x49,0xaf,0xdf,0xda,0x00,0x28,
0xa2,0x8a,0x00,0xff,0xd6,0xfe,0xfe,0x2b,0xf3,0xff,0x00,0xfe,0x0a,0xc3,0xff,0x00,
0x28,0xb4,0xfd,0xa5,0x7f,0xec,0x95,0x78,0xcb,0xff,0x00,0x4c,0x97,0x75,0xfa,0x01,
0x5f,0x9f,0xff,0x00,0xf0,0x56,0x1f,0xf9,0x45,0xa7,0xed,0x2b,0xff,0x00,0x64,0xab,
0xc6,0x5f,0xfa,0x64,0xbb,0xa0,0x03,0xfe,0x09,0x41,0xff,0x00,0x28,0xb4,0xfd,0x9a,
0x7f,0xec,0x95,0x78,0x37,0xff,0x00,0x4c,0x96,0x75,0xfa,0x01,0x5f,0x9f,0xff,0x00,
0xf0,0x4a,0x0f,0xf9,0x45,0xa7,0xec,0xd3,0xff,0x00,0x64,0xab,0xc1,0xbf,0xfa,0x64,
0xb3,0xaf,0xd0,0x0a,0x00,0x28,0xa2,0x8a,0x00,0x28,0xa2,0x8a,0x00,0x28,0xa2,0x8a,
0x00,0x28,0xa2,0x8a,0x00,0x28,0xa2,0x8a,0x00,0x28,0xa2,0x8a,0x00,0x28,0xa2,0x8a,
0x00,0x28,0xa2,0x8a,0x00,0x28,0xa2,0x8a,0x00,0x28,0xa2,0x8a,0x00,0x28,0xa2,0x8a,
0x00,0x28,0xa2,0x8a,0x00,0x28,0xa2,0x8a,0x00,0x28,0xa2,0x8a,0x00,0x28,0xa2,0x8a,
0x00,0x28,0xa2,0x8a,0x00,0x28,0xa2,0x8a,0x00,0x28,0xa2,0x8a,0x00,0x28,0xa2,0x8a,
0x00,0x28,0xa2,0x8a,0x00,0x28,0xa2,0x8a,0x00,0x28,0xa2,0x8a,0x00,0x28,0xa2,0x8a,
0x00,0x28,0xa2,0x8a,0x00,0x28,0xa2,0x8a,0x00,0x28,0xa2,0x8a,0x00,0x28,0xa2,0x8a,
0x00,0x28,0xa2,0x8a,0x00,0x28,0xa2,0x8a,0x00,0x28,0xa2,0x8a,0x00,0x28,0xa2,0x8a,
0x00,0xfc,0x02,0xff,0x00,0x83,0xa2,0xff,0x00,0xe5,0x05,0x7f,0x1c,0xbf,0xee,0x59,
0xff,0x00,0xd4,0x9f,0x49,0xaf,0xdf,0xda,0xfc,0x02,0xff,0x00,0x83,0xa2,0xff,0x00,
0xe5,0x05,0x7f,0x1c,0xbf,0xee,0x59,0xff,0x00,0xd4,0x9f,0x49,0xaf,0xdf,0xda,0x00,
0x28,0xa2,0x8a,0x00,0xff,0xd7,0xfe,0xfe,0x2b,0xf3,0xff,0x00,0xfe,0x0a,0xc3,0xff,
0x00,0x28,0xb4,0xfd,0xa5,0x7f,0xec,0x95,0x78,0xcb,0xff,0x00,0x4c,0x97,0x75,0xfa,
0x01,0x5f,0x9f,0xff,0x00,0xf0,0x56,0x1f,0xf9,0x45,0xa7,0xed,0x2b,0xff,0x00,0x64,
0xab,0xc6,0x5f,0xfa,0x64,0xbb,0xa0,0x03,0xfe,0x09,0x41,0xff,0x00,0x28,0xb4,0xfd,
0x9a,0x7f,0xec,0x95,0x78,0x37,0xff,0x00,0x4c,0x96,0x75,0xfa,0x01,0x5f,0x9f,0xff,
0x00,0xf0,0x4a,0x0f,0xf9,0x45,0xa7,0xec,0xd3,0xff,0x00,0x64,0xab,0xc1,0xbf,0xfa,
0x64,0xb3,0xaf,0xd0,0x0a,0x00,0x28,0xa2,0x8a,0x00,0x28,0xa2,0x8a,0x00,0x28,0xa2,
0x8a,0x00,0x28,0xa2,0x8a,0x00,0x28,0xa2,0x8a,0x00,0x28,0xa2,0x8a,0x00,0x28,0xa2,
0x8a,0x00,0x28,0xa2,0x8a,0x00,0x28,0xa2,0x8a,0x00,0x28,0xa2,0x8a,0x00,0x28,0xa2,
0x8a,0x00,0x28,0xa2,0x8a,0x00,0x28,0xa2,0x8a,0x00,0x28,0xa2,0x8a,0x00,0x28,0xa2,
0x8a,0x00,0x28,0xa2,0x8a,0x00,0x28,0xa2,0x8a,0x00,0x28,0xa2,0x8a,0x00,0x28,0xa2,
0x8a,0x00,0x28,0xa2,0x8a,0x00,0x28,0xa2,0x8a,0x00,0x28,0xa2,0x8a,0x00,0x28,0xa2,
0x8a,0x00,0x28,0xa2,0x8a,0x00,0x28,0xa2,0x8a,0x00,0x28,0xa2,0x8a,0x00,0x28,0xa2,
0x8a,0x00,0x28,0xa2,0x8a,0x00,0x28,0xa2,0x8a,0x00,0x28,0xa2,0x8a,0x00,0x28,0xa2,
0x8a,0x00,0xfc,0x02,0xff,0x00,0x83,0xa2,0xff,0x00,0xe5,0x05,0x7f,0x1c,0xbf,0xee,
0x59,0xff,0x00,0xd4,0x9f,0x49,0xaf,0xdf,0xda,0xfc,0x02,0xff,0x00,0x83,0xa2,0xff,
0x00,0xe5,0x05,0x7f,0x1c,0xbf,0xee,0x59,0xff,0x00,0xd4,0x9f,0x49,0xaf,0xdf,0xda,
0x00,0x28,0xa2,0x8a,0x00,0xff,0xd0,0xfe,0xfe,0x2b,0xf3,0xff,0x00,0xfe,0x0a,0xc3,
0xff,0x00,0x28,0xb4,0xfd,0xa5,0x7f,0xec,0x95,0x78,0xcb,0xff,0x00,0x4c,0x97,0x75,
0xfa,0x01,0x5f,0x9f,0xff,0x00,0xf0,0x56,0x1f,0xf9,0x45,0xa7,0xed,0x2b,0xff,0x00,
0x64,0xab,0xc6,0x5f,0xfa,0x64,0xbb,0xa0,0x03,0xfe,0x09,0x41,0xff,0x00,0x28,0xb4,
0xfd,0x9a,0x7f,0xec,0x95,0x78,0x37,0xff,0x00,0x4c,0x96,0x75,0xfa,0x01,0x5f,0x9f,
0xff,0x00,0xf0,0x4a,0x0f,0xf9,0x45,0xa7,0xec,0xd3,0xff,0x00,0x64,0xab,0xc1,0xbf,
0xfa,0x64,0xb3,0xaf,0xd0,0x0a,0x00,0x28,0xa2,0x8a,0x00,0x28,0xa2,0x8a,0x00,0x28,
0xa2,0x8a,0x00,0x28,0xa2,0x8a,0x00,0x28,0xa2,0x8a,0x00,0x28,0xa2,0x8a,0x00,0x28,
0xa2,0x8a,0x00,0x28,0xa2,0x8a,0x00,0x28,0xa2,0x8a,0x00,0x28,0xa2,0x8a,0x00,0x28,
0xa2,0x8a,0x00,0x28,0xa2,0x8a,0x00,0x28,0xa2,0x8a,0x00,0x28,0xa2,0x8a,0x00,0x28,
0xa2,0x8a,0x00,0x28,0xa2,0x8a,0x00,0x28,0xa2,0x8a,0x00,0x28,0xa2,0x8a,0x00,0x28,
0xa2,0x8a,0x00,0x28,0xa2,0x8a,0x00,0x28,0xa2,0x8a,0x00,0x28,0xa2,0x8a,0x00,0x28,
0xa2,0x8a,0x00,0x28,0xa2,0x8a,0x00,0x28,0xa2,0x8a,0x00,0x28,0xa2,0x8a,0x00,0x28,
0xa2,0x8a,0x00,0x28,0xa2,0x8a,0x00,0x28,0xa2,0x8a,0x00,0x28,0xa2,0x8a,0x00,0x28,
0xa2,0x8a,0x00,0xfc,0x02,0xff,0x00,0x83,0xa2,0xff,0x00,0xe5,0x05,0x7f,0x1c,0xbf,
0xee,0x59,0xff,0x00,0xd4,0x9f,0x49,0xaf,0xdf,0xda,0xfc,0x02,0xff,0x00,0x83,0xa2,
0xff,0x00,0xe5,0x05,0x7f,0x1c,0xbf,0xee,0x59,0xff,0x00,0xd4,0x9f,0x49,0xaf,0xdf,
0xda,0x00,0x28,0xa2,0x8a,0x00,0xff,0xd1,0xfe,0xfe,0x2b,0xf3,0xff,0x00,0xfe,0x0a,
0xc3,0xff,0x00,0x28,0xb4,0xfd,0xa5,0x7f,0xec,0x95,0x78,0xcb,0xff,0x00,0x4c,0x97,
0x75,0xfa,0x01,0x5f,0x9f,0xff,0x00,0xf0,0x56,0x1f,0xf9,0x45,0xa7,0xed,0x2b,0xff,
0x00,0x64,0xab,0xc6,0x5f,0xfa,0x64,0xbb,0xa0,0x03,0xfe,0x09,0x41,0xff,0x00,0x28,
0xb4,0xfd,0x9a,0x7f,0xec,0x95,0x78,0x37,0xff,0x00,0x4c,0x96,0x75,0xfa,0x01,0x5f,
0x9f,0xff,0x00,0xf0,0x4a,0x0f,0xf9,0x45,0xa7,0xec,0xd3,0xff,0x00,0x64,0xab,0xc1,
0xbf,0xfa,0x64,0xb3,0xaf,0xd0,0x0a,0x00,0x28,0xa2,0x8a,0x00,0x28,0xa2,0x8a,0x00,
0x28,0xa2,0x8a,0x00,0x28,0xa2,0x8a,0x00,0x28,0xa2,0x8a,0x00,0x28,0xa2,0x8a,0x00,
0x28,0xa2,0x8a,0x00,0x28,0xa2,0x8a,0x00,0x28,0xa2,0x8a,0x00,0x28,0xa2,0x8a,0x00,
0x28,0xa2,0x8a,0x00,0x28,0xa2,0x8a,0x00,0x28,0xa2,0x8a,0x00,0x28,0xa2,0x8a,0x00,
0x28,0xa2,0x8a,0x00,0x28,0xa2,0x8a,0x00,0x28,0xa2,0x8a,0x00,0x28,0xa2,0x8a,0x00,
0x28,0xa2,0x8a,0x00,0x28,0xa2,0x8a,0x00,0x28,0xa2,0x8a,0x00,0x28,0xa2,0x8a,0x00,
0x28,0xa2,0x8a,0x00,0x28,0xa2,0x8a,0x00,0x28,0xa2,0x8a,0x00,0x28,0xa2,0x8a,0x00,
0x28,0xa2,0x8a,0x00,0x28,0xa2,0x8a,0x00,0x28,0xa2,0x8a,0x00,0x28,0xa2,0x8a,0x00,
0x28,0xa2,0x8a,0x00,0xfc,0x02,0xff,0x00,0x83,0xa2,0xff,0x00,0xe5,0x05,0x7f,0x1c,
0xbf,0xee,0x59,0xff,0x00,0xd4,0x9f,0x49,0xaf,0xdf,0xda,0xfc,0x02,0xff,0x00,0x83,
0xa2,0xff,0x00,0xe5,0x05,0x7f,0x1c,0xbf,0xee,0x59,0xff,0x00,0xd4,0x9f,0x49,0xaf,
0xdf,0xda,0x00,0x28,0xa2,0x8a,0x00,0xff,0xd2,0xfe,0xfe,0x2b,0xf3,0xff,0x00,0xfe,
0x0a,0xc3,0xff,0x00,0x28,0xb4,0xfd,0xa5,0x7f,0xec,0x95,0x78,0xcb,0xff,0x00,0x4c,
0x97,0x75,0xfa,0x01,0x5f,0x9f,0xff,0x00,0xf0,0x56,0x1f,0xf9,0x45,0xa7,0xed,0x2b,
0xff,0x00,0x64,0xab,0xc6,0x5f,0xfa,0x64,0xbb,0xa0,0x03,0xfe,0x09,0x41,0xff,0x00,
0x28,0xb4,0xfd,0x9a,0x7f,0xec,0x95,0x78,0x37,0xff,0x00,0x4c,0x96,0x75,0xfa,0x01,
0x5f,0x9f,0xff,0x00,0xf0,0x4a,0x0f,0xf9,0x45,0xa7,0xec,0xd3,0xff,0x00,0x64,0xab,
0xc1,0xbf,0xfa,0x64,0xb3,0xaf,0xd0,0x0a,0x00,0x28,0xa2,0x8a,0x00,0x28,0xa2,0x8a,
0x00,0x28,0xa2,0x8a,0x00,0x28,0xa2,0x8a,0x00,0x28,0xa2,0x8a,0x00,0x28,0xa2,0x8a,
0x00,0x28,0xa2,0x8a,0x00,0x28,0xa2,0x8a,0x00,0x28,0xa2,0x8a,0x00,0x28,0xa2,0x8a,
0x00,0x28,0xa2,0x8a,0x00,0x28,0xa2,0x8a,0x00,0x28,0xa2,0x8a,0x00,0x28,0xa2,0x8a,
0x00,0x28,0xa2,0x8a,0x00,0x28,0xa2,0x8a,0x00,0x28,0xa2,0x8a,0x00,0x28,0xa2,0x8a,
0x00,0x28,0xa2,0x8a,0x00,0x28,0xa2,0x8a,0x00,0x28,0xa2,0x8a,0x00,0x28,0xa2,0x8a,
0x00,0x28,0xa2,0x8a,0x00,0x28,0xa2,0x8a,0x00,0x28,0xa2,0x8a,0x00,0x28,0xa2,0x8a,
0x00,0x28,0xa2,0x8a,0x00,0x28,0xa2,0x8a,0x00,0x28,0xa2,0x8a,0x00,0x28,0xa2,0x8a,
0x00,0x28,0xa2,0x8a,0x00,0xfc,0x02,0xff,0x00,0x83,0xa2,0xff,0x00,0xe5,0x05,0x7f,
0x1c,0xbf,0xee,0x59,0xff,0x00,0xd4,0x9f,0x49,0xaf,0xdf,0xda,0xfc,0x02,0xff,0x00,
0x83,0xa2,0xff,0x00,0xe5,0x05,0x7f,0x1c,0xbf,0xee,0x59,0xff,0x00,0xd4,0x9f,0x49,
0xaf,0xdf,0xda,0x00,0x28,0xa2,0x8a,0x00,0xff,0xd3,0xfe,0xfe,0x2b,0xf3,0xff,0x00,
0xfe,0x0a,0xc3,0xff,0x00,0x28,0xb4,0xfd,0xa5,0x7f,0xec,0x95,0x78,0xcb,0xff,0x00,
0x4c,0x97,0x75,0xfa,0x01,0x5f,0x9f,0xff,0x00,0xf0,0x56,0x1f,0xf9,0x45,0xa7,0xed,
0x2b,0xff,0x00,0x64,0xab,0xc6,0x5f,0xfa,0x64,0xbb,0xa0,0x03,0xfe,0x09,0x41,0xff,
0x00,0x28,0xb4,0xfd,0x9a,0x7f,0xec,0x95,0x78,0x37,0xff,0x00,0x4c,0x96,0x75,0xfa,
0x01,0x5f,0x9f,0xff,0x00,0xf0,0x4a,0x0f,0xf9,0x45,0xa7,0xec,0xd3,0xff,0x00,0x64,
0xab,0xc1,0xbf,0xfa,0x64,0xb3,0xaf,0xd0,0x0a,0x00,0x28,0xa2,0x8a,0x00,0x28,0xa2,
0x8a,0x00,0x28,0xa2,0x8a,0x00,0x28,0xa2,0x8a,0x00,0x28,0xa2,0x8a,0x00,0x28,0xa2,
0x8a,0x00,0x28,0xa2,0x8a,0x00,0x28,0xa2,0x8a,0x00,0x28,0xa2,0x8a,0x00,0x28,0xa2,
0x8a,0x00,0x28,0xa2,0x8a,0x00,0x28,0xa2,0x8a,0x00,0x28,0xa2,0x8a,0x00,0x28,0xa2,
0x8a,0x00,0x28,0xa2,0x8a,0x00,0x28,0xa2,0x8a,0x00,0x28,0xa2,0x8a,0x00,0x28,0xa2,
0x8a,0x00,0x28,0xa2,0x8a,0x00,0x28,0xa2,0x8a,0x00,0x28,0xa2,0x8a,0x00,0x28,0xa2,
0x8a,0x00,0x28,0xa2,0x8a,0x00,0x28,0xa2,0x8a,0x00,0x28,0xa2,0x8a,0x00,0x28,0xa2,
0x8a,0x00,0x28,0xa2,0x8a,0x00,0x28,0xa2,0x8a,0x00,0x28,0xa2,0x8a,0x00,0x28,0xa2,
0x8a,0x00,0x28,0xa2,0x8a,0x00,0xfc,0x02,0xff,0x00,0x83,0xa2,0xff,0x00,0xe5,0x05,
0x7f,0x1c,0xbf,0xee,0x59,0xff,0x00,0xd4,0x9f,0x49,0xaf,0xdf,0xda,0xfc,0x02,0xff,
0x00,0x83,0xa2,0xff,0x00,0xe5,0x05,0x7f,0x1c,0xbf,0xee,0x59,0xff,0x00,0xd4,0x9f,
0x49,0xaf,0xdf,0xda,0x00,0x28,0xa2,0x8a,0x00,0xff,0xd4,0xfe,0xfe,0x2b,0xf3,0xff,
0x00,0xfe,0x0a,0xc3,0xff,0x00,0x28,0xb4,0xfd,0xa5,0x7f,0xec,0x95,0x78,0xcb,0xff,
0x00,0x4c,0x97,0x75,0xfa,0x01,0x5f,0x9f,0xff,0x00,0xf0,0x56,0x1f,0xf9,0x45,0xa7,
0xed,0x2b,0xff,0x00,0x64,0xab,0xc6,0x5f,0xfa,0x64,0xbb,0xa0,0x03,0xfe,0x09,0x41,
0xff,0x00,0x28,0xb4,0xfd,0x9a,0x7f,0xec,0x95,0x78,0x37,0xff,0x00,0x4c,0x96,0x75,
0xfa,0x01,0x5f,0x9f,0xff,0x00,0xf0,0x4a,0x0f,0xf9,0x45,0xa7,0xec,0xd3,0xff,0x00,
0x64,0xab,0xc1,0xbf,0xfa,0x64,0xb3,0xaf,0xd0,0x0a,0x00,0x28,0xa2,0x8a,0x00,0x28,
0xa2,0x8a,0x00,0x28,0xa2,0x8a,0x00,0x28,0xa2,0x8a,0x00,0x28,0xa2,0x8a,0x00,0x28,
0xa2,0x8a,0x00,0x28,0xa2,0x8a,0x00,0x28,0xa2,0x8a,0x00,0x28,0xa2,0x8a,0x00,0x28,
0xa2,0x8a,0x00,0x28,0xa2,0x8a,0x00,0x28,0xa2,0x8a,0x00,0x28,0xa2,0x8a,0x00,0x28,
0xa2,0x8a,0x00,0x28,0xa2,0x8a,0x00,0x28,0xa2,0x8a,0x00,0x28,0xa2,0x8a,0x00,0x28,
0xa2,0x8a,0x00,0x28,0xa2,0x8a,0x00,0x28,0xa2,0x8a,0x00,0x28,0xa2,0x8a,0x00,0x28,
0xa2,0x8a,0x00,0x28,0xa2,0x8a,0x00,0x28,0xa2,0x8a,0x00,0x28,0xa2,0x8a,0x00,0x28,
0xa2,0x8a,0x00,0x28,0xa2,0x8a,0x00,0x28,0xa2,0x8a,0x00,0x28,0xa2,0x8a,0x00,0x28,
0xa2,0x8a,0x00,0x28,0xa2,0x8a,0x00,0xfc,0x02,0xff,0x00,0x83,0xa2,0xff,0x00,0xe5,
0x05,0x7f,0x1c,0xbf,0xee,0x59,0xff,0x00,0xd4,0x9f,0x49,0xaf,0xdf,0xda,0xfc,0x02,
0xff,0x00,0x83,0xa2,0xff,0x00,0xe5,0x05,0x7f,0x1c,0xbf,0xee,0x59,0xff,0x00,0xd4,
0x9f,0x49,0xaf,0xdf,0xda,0x00,0x28,0xa2,0x8a,0x00,0xff,0xd5,0xfe,0xfe,0x2b,0xf3,
0xff,0x00,0xfe,0x0a,0xc3,0xff,0x00,0x28,0xb4,0xfd,0xa5,0x7f,0xec,0x95,0x78,0xcb,
0xff,0x00,0x4c,0x97,0x75,0xfa,0x01,0x5f,0x9f,0xff,0x00,0xf0,0x56,0x1f,0xf9,0x45,
0xa7,0xed,0x2b,0xff,0x00,0x64,0xab,0xc6,0x5f,0xfa,0x64,0xbb,0xa0,0x0f,0xc4,0x2f,
0xf8,0x27,0xc7,0xed,0xd5,0xff,0x00,0x05,0x99,0xf0,0x87,0xec,0x11,0xf0,0x43,0xc2,
0x7f,0x0b,0x7f,0x60,0xef,0xf8,0x4c,0x3c,0x33,0xa6,0x78,0x07,0xc3,0x56,0x9a,0x46,
0xbb,0xff,0x00,0x0b,0x43,0xc3,0xba,0x7f,0xf6,0xa5,0x84,0x1a,0x55,0xb4,0x76,0xd7,
0xdf,0x63,0x9e,0xdc,0xcb,0x6d,0xf6,0x98,0x82,0xcb,0xe4,0x48,0x4b,0xc5,0xbb,0x63,
0x72,0x2b,0xec,0x1f,0xf8,0x78,0x6f,0xfc,0x17,0x57,0xfe,0x91,0xd7,0xff,0x00,0x99,
0x73,0xc3,0x1f,0xfc,0x8d,0x5f,0x7e,0x7f,0xc1,0x28,0x3f,0xe5,0x16,0x9f,0xb3,0x4f,
0xfd,0x92,0xaf,0x06,0xff,0x00,0xe9,0x92,0xce,0xbf,0x40,0x28,0x03,0xf0,0x0f,0xfe,
0x1e,0x1b,0xff,0x00,0x05,0xd5,0xff,0x00,0xa4,0x75,0xff,0x00,0xe6,0x5c,0xf0,0xc7,
0xff,0x00,0x23,0x51,0xff,0x00,0x0f,0x0d,0xff,0x00,0x82,0xea,0xff,0x00,0xd2,0x3a,
0xff,0x00,0xf3,0x2e,0x78,0x63,0xff,0x00,0x91,0xab,0xf7,0xf2,0x8a,0x00,0xfc,0x03,
0xff,0x00,0x87,0x86,0xff,0x00,0xc1,0x75,0x7f,0xe9,0x1d,0x7f,0xf9,0x97,0x3c,0x31,
0xff,0x00,0xc8,0xd4,0x7f,0xc3,0xc3,0x7f,0xe0,0xba,0xbf,0xf4,0x8e,0xbf,0xfc,0xcb,
0x9e,0x18,0xff,0x00,0xe4,0x6a,0xfd,0xfc,0xa2,0x80,0x3f,0x00,0xff,0x00,0xe1,0xe1,
0xbf,0xf0,0x5d,0x5f,0xfa,0x47,0x5f,0xfe,0x65,0xcf,0x0c,0x7f,0xf2,0x35,0x1f,0xf0,
0xf0,0xdf,0xf8,0x2e,0xaf,0xfd,0x23,0xaf,0xff,0x00,0x32,0xe7,0x86,0x3f,0xf9,0x1a,
0xbf,0x7f,0x28,0xa0,0x0f,0xc0,0x3f,0xf8,0x78,0x6f,0xfc,0x17,0x57,0xfe,0x91,0xd7,
0xff,0x00,0x99,0x73,0xc3,0x1f,0xfc,0x8d,0x47,0xfc,0x3c,0x37,0xfe,0x0b,0xab,0xff,
0x00,0x48,0xeb,0xff,0x00,0xcc,0xb9,0xe1,0x8f,0xfe,0x46,0xaf,0xdf,0xca,0x28,0x03,
0xf0,0x0f,0xfe,0x1e,0x1b,0xff,0x00,0x05,0xd5,0xff,0x00,0xa4,0x75,0xff,0x00,0xe6,
0x5c,0xf0,0xc7,0xff,0x00,0x23,0x51,0xff,0x00,0x0f,0x0d,0xff,0x00,0x82,0xea,0xff,
0x00,0xd2,0x3a,0xff,0x00,0xf3,0x2e,0x78,0x63,0xff,0x00,0x91,0xab,0xf7,0xf2,0x8a,
0x00,0xfc,0x03,0xff,0x00,0x87,0x86,0xff,0x00,0xc1,0x75,0x7f,0xe9,0x1d,0x7f,0xf9,
0x97,0x3c,0x31,0xff,0x00,0xc8,0xd4,0x7f,0xc3,0xc3,0x7f,0xe0,0xba,0xbf,0xf4,0x8e,
0xbf,0xfc,0xcb,0x9e,0x18,0xff,0x00,0xe4,0x6a,0xfd,0xfc,0xa2,0x80,0x3f,0x00,0xff,
0x00,0xe1,0xe1,0xbf,0xf0,0x5d,0x5f,0xfa,0x47,0x5f,0xfe,0x65,0xcf,0x0c,0x7f,0xf2,
0x35,0x1f,0xf0,0xf0,0xdf,0xf8,0x2e,0xaf,0xfd,0x23,0xaf,0xff,0x00,0x32,0xe7,0x86,
0x3f,0xf9,0x1a,0xbf,0x7f,0x28,0xa0,0x0f,0xc0,0x3f,0xf8,0x78,0x6f,0xfc,0x17,0x57,
0xfe,0x91,0xd7,0xff,0x00,0x99,0x73,0xc3,0x1f,0xfc,0x8d,0x47,0xfc,0x3c,0x37,0xfe,
0x0b,0xab,0xff,0x00,0x48,0xeb,0xff,0x00,0xcc,0xb9,0xe1,0x8f,0xfe,0x46,0xaf,0xdf,
0xca,0x28,0x03,0xf0,0x0f,0xfe,0x1e,0x1b,0xff,0x00,0x05,0xd5,0xff,0x00,0xa4,0x75,
0xff,0x00,0xe6,0x5c,0xf0,0xc7,0xff,0x00,0x23,0x51,0xff,0x00,0x0f,0x0d,0xff,0x00,
0x82,0xea,0xff,0x00,0xd2,0x3a,0xff,0x00,0xf3,0x2e,0x78,0x63,0xff,0x00,0x91,0xab,
0xf7,0xf2,0x8a,0x00,0xfc,0x03,0xff,0x00,0x87,0x86,0xff,0x00,0xc1,0x75,0x7f,0xe9,
0x1d,0x7f,0xf9,0x97,0x3c,0x31,0xff,0x00,0xc8,0xd4,0x7f,0xc3,0xc3,0x7f,0xe0,0xba,
0xbf,0xf4,0x8e,0xbf,0xfc,0xcb,0x9e,0x18,0xff,0x00,0xe4,0x6a,0xfd,0xfc,0xa2,0x80,
0x3f,0x00,0xff,0x00,0xe1,0xe1,0xbf,0xf0,0x5d,0x5f,0xfa,0x47,0x5f,0xfe,0x65,0xcf,
0x0c,0x7f,0xf2,0x35,0x1f,0xf0,0xf0,0xdf,0xf8,0x2e,0xaf,0xfd,0x23,0xaf,0xff,0x00,
0x32,0xe7,0x86,0x3f,0xf9,0x1a,0xbf,0x7f,0x28,0xa0,0x0f,0xc0,0x3f,0xf8,0x78,0x6f,
0xfc,0x17,0x57,0xfe,0x91,0xd7,0xff,0x00,0x99,0x73,0xc3,0x1f,0xfc,0x8d,0x5e,0x75,
0xf1,0x5f,0xfe,0x0a,0xb7,0xff,0x00,0x05,0x99,0xf8,0x1f,0xf0,0xb3,0xc4,0x9f,0x1a,
0xbe,0x28,0xff,0x00,0xc1,0x3e,0xbf,0xb2,0xfc,0x31,0xe0,0xfd,0x2a,0xf3,0x5b,0xd5,
0xef,0x3f,0xe1,0x6b,0xf8,0x76,0x6f,0xb3,0xd8,0x69,0xf0,0x3d,0xcd,0xcc,0xde,0x54,
0x16,0x8f,0x2b,0xf9,0x71,0x46,0xcd,0xb2,0x34,0x67,0x6c,0x61,0x54,0x9c,0x0a,0xfe,
0x90,0x6b,0xf3,0xff,0x00,0xfe,0x0a,0xc3,0xff,0x00,0x28,0xb4,0xfd,0xa5,0x7f,0xec,
0x95,0x78,0xcb,0xff,0x00,0x4c,0x97,0x74,0x01,0xf9,0x7f,0xf0,0x9f,0xfe,0x0a,0xbb,
0xff,0x00,0x05,0x99,0xf8,0xe1,0xf0,0xb3,0xc3,0x5f,0x1a,0xbe,0x16,0xff,0x00,0xc1,
0x3e,0xff,0x00,0xb4,0xfc,0x31,0xe2,0xfd,0x2a,0xcb,0x5b,0xd2,0x2f,0x3f,0xe1,0x6b,
0x78,0x76,0x0f,0xb4,0x58,0x6a,0x10,0x25,0xcd,0xb4,0xde,0x54,0xf6,0x91,0xcb,0x1e,
0xf8,0x9d,0x5b,0x64,0x88,0xae,0xb9,0xc3,0x28,0x23,0x15,0xe8,0x9f,0xf0,0xf0,0xdf,
0xf8,0x2e,0xaf,0xfd,0x23,0xaf,0xff,0x00,0x32,0xe7,0x86,0x3f,0xf9,0x1a,0xbe,0xfc,
0xff,0x00,0x82,0x50,0x7f,0xca,0x2d,0x3f,0x66,0x9f,0xfb,0x25,0x5e,0x0d,0xff,0x00,
0xd3,0x25,0x9d,0x7e,0x80,0x50,0x07,0xe0,0x1f,0xfc,0x3c,0x37,0xfe,0x0b,0xab,0xff,
0x00,0x48,0xeb,0xff,0x00,0xcc,0xb9,0xe1,0x8f,0xfe,0x46,0xa3,0xfe,0x1e,0x1b,0xff,
0x00,0x05,0xd5,0xff,0x00,0xa4,0x75,0xff,0x00,0xe6,0x5c,0xf0,0xc7,0xff,0x00,0x23,
0x57,0xef,0xe5,0x14,0x01,0xf8,0x07,0xff,0x00,0x0f,0x0d,0xff,0x00,0x82,0xea,0xff,
0x00,0xd2,0x3a,0xff,0x00,0xf3,0x2e,0x78,0x63,0xff,0x00,0x91,0xa8,0xff,0x00,0x87,
0x86,0xff,0x00,0xc1,0x75,0x7f,0xe9,0x1d,0x7f,0xf9,0x97,0x3c,0x31,0xff,0x00,0xc8,
0xd5,0xfb,0xf9,0x45,0x00,0x7e,0x01,0xff,0x00,0xc3,0xc3,0x7f,0xe0,0xba,0xbf,0xf4,
0x8e,0xbf,0xfc,0xcb,0x9e,0x18,0xff,0x00,0xe4,0x6a,0x3f,0xe1,0xe1,0xbf,0xf0,0x5d,
0x5f,0xfa,0x47,0x5f,0xfe,0x65,0xcf,0x0c,0x7f,0xf2,0x35,0x7e,0xfe,0x51,0x40,0x1f,
0x80,0x7f,0xf0,0xf0,0xdf,0xf8,0x2e,0xaf,0xfd,0x23,0xaf,0xff,0x00,0x32,0xe7,0x86,
0x3f,0xf9,0x1a,0x8f,0xf8,0x78,0x6f,0xfc,0x17,0x57,0xfe,0x91,0xd7,0xff,0x00,0x99,
0x73,0xc3,0x1f,0xfc,0x8d,0x5f,0xbf,0x94,0x50,0x07,0xe0,0x1f,0xfc,0x3c,0x37,0xfe,
0x0b,0xab,0xff,0x00,0x48,0xeb,0xff,0x00,0xcc,0xb9,0xe1,0x8f,0xfe,0x46,0xa3,0xfe,
0x1e,0x1b,0xff,0x00,0x05,0xd5,0xff,0x00,0xa4,0x75,0xff,0x00,0xe6,0x5c,0xf0,0xc7,
0xff,0x00,0x23,0x57,0xef,0xe5,0x14,0x01,0xf8,0x07,0xff,0x00,0x0f,0x0d,0xff,0x00,
0x82,0xea,0xff,0x00,0xd2,0x3a,0xff,0x00,0xf3,0x2e,0x78,0x63,0xff,0x00,0x91,0xa8,
0xff,0x00,0x87,0x86,0xff,0x00,0xc1,0x75,0x7f,0xe9,0x1d,0x7f,0xf9,0x97,0x3c,0x31,
0xff,0x00,0xc8,0xd5,0xfb,0xf9,0x45,0x00,0x7e,0x01,0xff,0x00,0xc3,0xc3,0x7f,0xe0,
0xba,0xbf,0xf4,0x8e,0xbf,0xfc,0xcb,0x9e,0x18,0xff,0x00,0xe4,0x6a,0x3f,0xe1,0xe1,
0xbf,0xf0,0x5d,0x5f,0xfa,0x47,0x5f,0xfe,0x65,0xcf,0x0c,0x7f,0xf2,0x35,0x7e,0xfe,
0x51,0x40,0x1f,0x80,0x7f,0xf0,0xf0,0xdf,0xf8,0x2e,0xaf,0xfd,0x23,0xaf,0xff,0x00,
0x32,0xe7,0x86,0x3f,0xf9,0x1a,0x8f,0xf8,0x78,0x6f,0xfc,0x17,0x57,0xfe,0x91,0xd7,
0xff,0x00,0x99,0x73,0xc3,0x1f,0xfc,0x8d,0x5f,0xbf,0x94,0x50,0x07,0xe0,0x1f,0xfc,
0x3c,0x37,0xfe,0x0b,0xab,0xff,0x00,0x48,0xeb,0xff,0x00,0xcc,0xb9,0xe1,0x8f,0xfe,
0x46,0xa3,0xfe,0x1e,0x1b,0xff,0x00,0x05,0xd5,0xff,0x00,0xa4,0x75,0xff,0x00,0xe6,
0x5c,0xf0,0xc7,0xff,0x00,0x23,0x57,0xef,0xe5,0x14,0x01,0xf8,0x07,0xff,0x00,0x0f,
0x0d,0xff,0x00,0x82,0xea,0xff,0x00,0xd2,0x3a,0xff,0x00,0xf3,0x2e,0x78,0x63,0xff,
0x00,0x91,0xa8,0xff,0x00,0x87,0x86,0xff,0x00,0xc1,0x75,0x7f,0xe9,0x1d,0x7f,0xf9,
0x97,0x3c,0x31,0xff,0x00,0xc8,0xd5,0xfb,0xf9,0x45,0x00,0x7e,0x01,0xff,0x00,0xc3,
0xc3,0x7f,0xe0,0xba,0xbf,0xf4,0x8e,0xbf,0xfc,0xcb,0x9e,0x18,0xff,0x00,0xe4,0x6a,
0x3f,0xe1,0xe1,0xbf,0xf0,0x5d,0x5f,0xfa,0x47,0x5f,0xfe,0x65,0xcf,0x0c,0x7f,0xf2,
0x35,0x7e,0xfe,0x51,0x40,0x1f,0x80,0x7f,0xf0,0xf0,0xdf,0xf8,0x2e,0xaf,0xfd,0x23,
0xaf,0xff,0x00,0x32,0xe7,0x86,0x3f,0xf9,0x1a,0x8f,0xf8,0x78,0x6f,0xfc,0x17,0x57,
0xfe,0x91,0xd7,0xff,0x00,0x99,0x73,0xc3,0x1f,0xfc,0x8d,0x5f,0xbf,0x94,0x50,0x07,
0xe0,0x1f,0xfc,0x3c,0x37,0xfe,0x0b,0xab,0xff,0x00,0x48,0xeb,0xff,0x00,0xcc,0xb9,
0xe1,0x8f,0xfe,0x46,0xa3,0xfe,0x1e,0x1b,0xff,0x00,0x05,0xd5,0xff,0x00,0xa4,0x75,
0xff,0x00,0xe6,0x5c,0xf0,0xc7,0xff,0x00,0x23,0x57,0xef,0xe5,0x14,0x01,0xf8,0x07,
0xff,0x00,0x0f,0x0d,0xff,0x00,0x82,0xea,0xff,0x00,0xd2,0x3a,0xff,0x00,0xf3,0x2e,
0x78,0x63,0xff,0x00,0x91,0xa8,0xff,0x00,0x87,0x86,0xff,0x00,0xc1,0x75,0x7f,0xe9,
0x1d,0x7f,0xf9,0x97,0x3c,0x31,0xff,0x00,0xc8,0xd5,0xfb,0xf9,0x45,0x00,0x7e,0x01,
0xff,0x00,0xc3,0xc3,0x7f,0xe0,0xba,0xbf,0xf4,0x8e,0xbf,0xfc,0xcb,0x9e,0x18,0xff,
0x00,0xe4,0x6a,0x3f,0xe1,0xe1,0xbf,0xf0,0x5d,0x5f,0xfa,0x47,0x5f,0xfe,0x65,0xcf,
0x0c,0x7f,0xf2,0x35,0x7e,0xfe,0x51,0x40,0x1f,0x80,0x7f,0xf0,0xf0,0xdf,0xf8,0x2e,
0xaf,0xfd,0x23,0xaf,0xff,0x00,0x32,0xe7,0x86,0x3f,0xf9,0x1a,0x8f,0xf8,0x78,0x6f,
0xfc,0x17,0x57,0xfe,0x91,0xd7,0xff,0x00,0x99,0x73,0xc3,0x1f,0xfc,0x8d,0x5f,0xbf,
0x94,0x50,0x07,0xe0,0x1f,0xfc,0x3c,0x37,0xfe,0x0b,0xab,0xff,0x00,0x48,0xeb,0xff,
0x00,0xcc,0xb9,0xe1,0x8f,0xfe,0x46,0xa3,0xfe,0x1e,0x1b,0xff,0x00,0x05,0xd5,0xff,
0x00,0xa4,0x75,0xff,0x00,0xe6,0x5c,0xf0,0xc7,0xff,0x00,0x23,0x57,0xef,0xe5,0x14,
0x01,0xf8,0x07,0xff,0x00,0x0f,0x0d,0xff,0x00,0x82,0xea,0xff,0x00,0xd2,0x3a,0xff,
0x00,0xf3,0x2e,0x78,0x63,0xff,0x00,0x91,0xa8,0xff,0x00,0x87,0x86,0xff,0x00,0xc1,
0x75,0x7f,0xe9,0x1d,0x7f,0xf9,0x97,0x3c,0x31,0xff,0x00,0xc8,0xd5,0xfb,0xf9,0x45,
0x00,0x7f,0x10,0x7f,0xf0,0x5e,0x5f,0xdb,0x27,0xfe,0x0a,0xbf,0xf1,0x57,0xfe,0x09,
0x41,0xf1,0x57,0xc0,0x1f,0xb4,0xbf,0xec,0x63,0xff,0x00,0x0a,0x9b,0xc1,0x37,0xff,
0x00,0xd8,0x7f,0xda,0x3e,0x2a,0xff,0x00,0x85,0x8b,0xa1,0x6b,0xbf,0xd9,0xfe,0x56,
0xbb,0xa7,0xcb,0x07,0xfc,0x4b,0xac,0xe0,0x49,0xe7,0xf3,0xa7,0x48,0xe0,0xf9,0x18,
0x6c,0xf3,0x3c,0xc3,0xf2,0xa1,0x15,0xfd,0xbe,0x57,0xe0,0x17,0xfc,0x1d,0x17,0xff,
0x00,0x28,0x2b,0xf8,0xe5,0xff,0x00,0x72,0xcf,0xfe,0xa4,0xfa,0x4d,0x7e,0xfe,0xd0,
0x01,0x45,0x14,0x50,0x07,0xff,0xd6,0xfe,0xfe,0x2b,0xf3,0xff,0x00,0xfe,0x0a,0xc3,
0xff,0x00,0x28,0xb4,0xfd,0xa5,0x7f,0xec,0x95,0x78,0xcb,0xff,0x00,0x4c,0x97,0x75,
0xfa,0x01,0x5f,0x9f,0xff,0x00,0xf0,0x56,0x1f,0xf9,0x45,0xa7,0xed,0x2b,0xff,0x00,
0x64,0xab,0xc6,0x5f,0xfa,0x64,0xbb,0xa0,0x03,0xfe,0x09,0x41,0xff,0x00,0x28,0xb4,
0xfd,0x9a,0x7f,0xec,0x95,0x78,0x37,0xff,0x00,0x4c,0x96,0x75,0xfa,0x01,0x5f,0x9f,
0xff,0x00,0xf0,0x4a,0x0f,0xf9,0x45,0xa7,0xec,0xd3,0xff,0x00,0x64,0xab,0xc1,0xbf,
0xfa,0x64,0xb3,0xaf,0xd0,0x0a,0x00,0x28,0xa2,0x8a,0x00,0x28,0xa2,0x8a,0x00,0x28,
0xa2,0x8a,0x00,0x28,0xa2,0x8a,0x00,0x28,0xa2,0x8a,0x00,0x28,0xa2,0x8a,0x00,0x28,
0xa2,0x8a,0x00,0x28,0xa2,0x8a,0x00,0x28,0xa2,0x8a,0x00,0x28,0xa2,0x8a,0x00,0x28,
0xa2,0x8a,0x00,0x2b,0xf3,0xff,0x00,0xfe,0x0a,0xc3,0xff,0x00,0x28,0xb4,0xfd,0xa5,
0x7f,0xec,0x95,0x78,0xcb,0xff,0x00,0x4c,0x97,0x75,0xfa,0x01,0x5f,0x9f,0xff,0x00,
0xf0,0x56,0x1f,0xf9,0x45,0xa7,0xed,0x2b,0xff,0x00,0x64,0xab,0xc6,0x5f,0xfa,0x64,
0xbb,0xa0,0x03,0xfe,0x09,0x41,0xff,0x00,0x28,0xb4,0xfd,0x9a,0x7f,0xec,0x95,0x78,
0x37,0xff,0x00,0x4c,0x96,0x75,0xfa,0x01,0x5f,0x9f,0xff,0x00,0xf0,0x4a,0x0f,0xf9,
0x45,0xa7,0xec,0xd3,0xff,0x00,0x64,0xab,0xc1,0xbf,0xfa,0x64,0xb3,0xaf,0xd0,0x0a,
0x00,0x28,0xa2,0x8a,0x00,0x28,0xa2,0x8a,0x00,0x28,0xa2,0x8a,0x00,0x28,0xa2,0x8a,
0x00,0x28,0xa2,0x8a,0x00,0x28,0xa2,0x8a,0x00,0x28,0xa2,0x8a,0x00,0x28,0xa2,0x8a,
0x00,0x28,0xa2,0x8a,0x00,0x28,0xa2,0x8a,0x00,0x28,0xa2,0x8a,0x00,0x28,0xa2,0x8a,
0x00,0x28,0xa2,0x8a,0x00,0x28,0xa2,0x8a,0x00,0x28,0xa2,0x8a,0x00,0x28,0xa2,0x8a,
0x00,0x28,0xa2,0x8a,0x00,0x28,0xa2,0x8a,0x00,0xfc,0x02,0xff,0x00,0x83,0xa2,0xff,
0x00,0xe5,0x05,0x7f,0x1c,0xbf,0xee,0x59,0xff,0x00,0xd4,0x9f,0x49,0xaf,0xdf,0xda,
0xfc,0x02,0xff,0x00,0x83,0xa2,0xff,0x00,0xe5,0x05,0x7f,0x1c,0xbf,0xee,0x59,0xff,
0x00,0xd4,0x9f,0x49,0xaf,0xdf,0xda,0x00,0x28,0xa2,0x8a,0x00,0xff,0xd7,0xfe,0xfe,
0x2b,0xf3,0xff,0x00,0xfe,0x0a,0xc3,0xff,0x00,0x28,0xb4,0xfd,0xa5,0x7f,0xec,0x95,
0x78,0xcb,0xff,0x00,0x4c,0x97,0x75,0xfa,0x01,0x5f,0x9f,0xff,0x00,0xf0,0x56,0x1f,
0xf9,0x45,0xa7,0xed,0x2b,0xff,0x00,0x64,0xab,0xc6,0x5f,0xfa,0x64,0xbb,0xa0,0x03,
0xfe,0x09,0x41,0xff,0x00,0x28,0xb4,0xfd,0x9a,0x7f,0xec,0x95,0x78,0x37,0xff,0x00,
0x4c,0x96,0x75,0xfa,0x01,0x5f,0x9f,0xff,0x00,0xf0,0x4a,0x0f,0xf9,0x45,0xa7,0xec,
0xd3,0xff,0x00,0x64,0xab,0xc1,0xbf,0xfa,0x64,0xb3,0xaf,0xd0,0x0a,0x00,0x28,0xa2,
0x8a,0x00,0x28,0xa2,0x8a,0x00,0x28,0xa2,0x8a,0x00,0x28,0xa2,0x8a,0x00,0x28,0xa2,
0x8a,0x00,0x28,0xa2,0x8a,0x00,0x28,0xa2,0x8a,0x00,0x28,0xa2,0x8a,0x00,0x28,0xa2,
0x8a,0x00,0x28,0xa2,0x8a,0x00,0x28,0xa2,0x8a,0x00,0x2b,0xf3,0xff,0x00,0xfe,0x0a,
0xc3,0xff,0x00,0x28,0xb4,0xfd,0xa5,0x7f,0xec,0x95,0x78,0xcb,0xff,0x00,0x4c,0x97,
0x75,0xfa,0x01,0x5f,0x9f,0xff,0x00,0xf0,0x56,0x1f,0xf9,0x45,0xa7,0xed,0x2b,0xff,
0x00,0x64,0xab,0xc6,0x5f,0xfa,0x64,0xbb,0xa0,0x03,0xfe,0x09,0x41,0xff,0x00,0x28,
0xb4,0xfd,0x9a,0x7f,0xec,0x95,0x78,0x37,0xff,0x00,0x4c,0x96,0x75,0xfa,0x01,0x5f,
0x9f,0xff,0x00,0xf0,0x4a,0x0f,0xf9,0x45,0xa7,0xec,0xd3,0xff,0x00,0x64,0xab,0xc1,
0xbf,0xfa,0x64,0xb3,0xaf,0xd0,0x0a,0x00,0xfe,0x4f,0x3f,0x6a,0xff,0x00,0xf8,0x28,
0xcf,0xfc,0x14,0xaf,0xf6,0xcb,0xff,0x00,0x82,0xaa,0x78,0x93,0xfe,0x09,0x43,0xff,
0x00,0x04,0xa3,0xd7,0x74,0x3f,0x86,0xb0,0xfc,0x33,0xd3,0x57,0x50,0xf1,0x7f,0x8e,
0xb5,0x9b,0x18,0xb5,0x29,0x16,0x40,0x2d,0xd9,0xe2,0xb6,0xb7,0xb8,0x86,0x78,0x36,
0xa3,0x5c,0x47,0x6e,0x10,0xc2,0xcf,0x24,0x9e,0x63,0x07,0x8d,0x10,0x1a,0xc0,0xfd,
0x90,0xff,0x00,0xe0,0xa9,0xbf,0xf0,0x51,0x5f,0x82,0x5f,0xb5,0xbf,0xc5,0xff,0x00,
0xf8,0x25,0x37,0xfc,0x14,0xa3,0x51,0xd1,0x7c,0x45,0xf1,0x23,0xc3,0x5e,0x0c,0xd4,
0xfc,0x53,0xe0,0xdf,0x1c,0xe8,0x96,0xb0,0xda,0xa6,0xa2,0xb6,0xb6,0x26,0xf1,0x04,
0xd6,0x89,0x14,0x56,0xed,0x98,0xb3,0x22,0xe2,0xde,0x3f,0x2d,0xe0,0x96,0x37,0x59,
0x54,0xab,0x8d,0xff,0x00,0xda,0xc3,0xfe,0x09,0xc9,0xff,0x00,0x05,0x2c,0xfd,0x8c,
0x7f,0xe0,0xaa,0x9e,0x24,0xff,0x00,0x82,0xad,0xff,0x00,0xc1,0x28,0xf4,0x2d,0x0f,
0xe2,0x5c,0x5f,0x12,0xf4,0xd5,0xd3,0xfc,0x5f,0xe0,0x5d,0x66,0xfa,0x2d,0x36,0x46,
0x93,0x16,0xea,0xf2,0x5b,0x4f,0x71,0x35,0xbc,0x1b,0x59,0xad,0xa3,0xb8,0x0e,0x66,
0x57,0x8e,0x4f,0x31,0x42,0x3a,0x38,0x5a,0xc1,0xfd,0x90,0xff,0x00,0xe0,0x96,0x3f,
0xf0,0x51,0x2f,0x8d,0x3f,0xb5,0xa7,0xc6,0x0f,0xf8,0x2a,0xbf,0xfc,0x14,0xa3,0x4d,
0xd1,0x7c,0x3d,0xf1,0x27,0xc4,0xbe,0x0c,0xd4,0xbc,0x2d,0xe0,0xdf,0x03,0xe8,0x97,
0x50,0xdc,0xa6,0x9c,0xb7,0x36,0x2d,0x66,0x9e,0x75,0xd2,0xc9,0x2d,0xba,0x91,0x17,
0xee,0xd3,0x6d,0xcc,0x9b,0xde,0x69,0x64,0x73,0x18,0x0a,0x94,0x01,0xf8,0x2d,0xe0,
0x5f,0xf8,0x2d,0xef,0xfc,0x15,0xf6,0xc7,0xf6,0x12,0x97,0xf6,0xfa,0xd6,0x3f,0x6c,
0xdf,0x87,0xda,0x96,0xb7,0xa3,0xea,0xc9,0x6a,0xdf,0x09,0xb5,0x2d,0x27,0xc3,0x91,
0xf8,0x82,0xfe,0x1f,0xb5,0xc7,0x6a,0x64,0x5b,0x6b,0x3b,0x38,0x6e,0xcc,0x5b,0x64,
0xf3,0xc9,0x53,0x16,0x21,0x8d,0xd8,0x49,0x90,0x01,0xfd,0x96,0xfd,0xbe,0xbf,0xe0,
0xa5,0x3f,0xf0,0x53,0xff,0x00,0x8a,0x3f,0x1d,0xbf,0x62,0x3f,0x84,0x1f,0xb1,0x97,
0x8f,0xe0,0xf8,0x29,0xa8,0x7e,0xd2,0xde,0x0a,0xb4,0xd6,0xb5,0x6b,0x7b,0xad,0x1b,
0x4e,0xd5,0x21,0xb4,0xbf,0xbc,0x86,0x2b,0x8c,0x11,0xa8,0x5a,0x5c,0xcc,0x12,0x20,
0xcc,0x8a,0xaa,0xcb,0x91,0x82,0xc3,0x35,0xf9,0xa1,0x67,0xff,0x00,0x06,0xcf,0x7e,
0xd7,0x9a,0x2f,0xfc,0x12,0xb3,0xe1,0xff,0x00,0x8c,0xfc,0x21,0xf0,0x9b,0x4e,0xb1,
0xfd,0xaa,0xbc,0x07,0xe3,0xb9,0xb5,0x5b,0x9d,0x2a,0xe6,0xff,0x00,0x47,0xba,0x8f,
0x58,0xd1,0x5e,0x65,0x30,0xc3,0x75,0x33,0xde,0xb6,0x9b,0x22,0xc0,0x52,0x39,0x56,
0x39,0x25,0xe6,0x31,0x2c,0x65,0x49,0x90,0x0a,0xfd,0x70,0xff,0x00,0x82,0xaa,0xfe,
0xcb,0x5f,0xf0,0x55,0x8f,0x8c,0x3f,0xb6,0x67,0xec,0x95,0xff,0x00,0x05,0x02,0xfd,
0x95,0x7e,0x04,0x43,0xaf,0xeb,0xff,0x00,0x0b,0xb4,0x06,0xba,0xd7,0x7c,0x35,0x77,
0xaf,0x68,0xb6,0x30,0xe9,0xfa,0xa4,0xe5,0x59,0xec,0x1a,0x69,0x35,0x04,0x59,0x52,
0x3d,0xce,0x04,0x96,0xcd,0x22,0x10,0xa3,0xe6,0xa0,0x0d,0x5f,0xd9,0xcb,0xfe,0x0a,
0x45,0xff,0x00,0x05,0x34,0xfd,0x8c,0xff,0x00,0xe0,0xa2,0xd3,0x7f,0xc1,0x29,0xbf,
0xe0,0xa8,0x7e,0x22,0xd0,0xbe,0x20,0x6a,0x9e,0x34,0xf0,0xa5,0xff,0x00,0x88,0xfc,
0x0d,0xe3,0xad,0x1a,0xca,0x0d,0x3d,0xdd,0xe0,0xb7,0xbc,0x9e,0x38,0xee,0xad,0xa1,
0x82,0xde,0xdb,0x69,0xfb,0x14,0xf1,0x04,0xf2,0x15,0xd2,0x58,0xd0,0x6e,0x99,0x25,
0x0c,0x3f,0x14,0xbf,0x61,0x8f,0xf8,0x2b,0x77,0xfc,0x15,0x2b,0xf6,0xbb,0xf8,0x6d,
0x0f,0x8a,0x7e,0x22,0xff,0x00,0xc1,0x43,0x7c,0x15,0xf0,0x9f,0xc4,0x57,0x3a,0xab,
0xe9,0x76,0xde,0x1b,0xd7,0x7c,0x23,0xa1,0xcb,0x7d,0x30,0xc4,0x5e,0x54,0xc9,0xe4,
0x69,0x3b,0x76,0xcc,0xd2,0x14,0x41,0xd7,0x2a,0x6b,0xf6,0xb3,0xf6,0x72,0xff,0x00,
0x82,0x6d,0xff,0x00,0xc1,0x4c,0xff,0x00,0x6c,0x9f,0xf8,0x28,0xb4,0xdf,0xf0,0x55,
0x6f,0xf8,0x2a,0x1f,0x87,0x34,0x2f,0x87,0xba,0x9f,0x82,0xfc,0x29,0x7f,0xe1,0xcf,
0x03,0x78,0x0f,0x46,0xbd,0x83,0x50,0x78,0xde,0x7b,0x7b,0xcb,0x78,0xe4,0xba,0xb9,
0x86,0x69,0xed,0xb6,0xaf,0xdb,0x67,0x94,0x3f,0x9e,0x5d,0xe5,0x74,0xf9,0x61,0x48,
0x82,0x1f,0xc9,0xef,0xf8,0x27,0x9f,0xfc,0x13,0xa3,0xfe,0x0a,0xe3,0xfb,0x0b,0x7c,
0x1c,0x4f,0x86,0xbe,0x2e,0xff,0x00,0x82,0x74,0x7c,0x32,0xf8,0xbb,0xad,0x41,0xac,
0x4b,0xab,0x5b,0xf8,0x97,0xc5,0x5a,0xa7,0x84,0x2e,0x35,0x58,0x77,0xac,0x42,0x38,
0x23,0x9e,0x4b,0xc9,0x5d,0x63,0x85,0xa2,0xdf,0x1e,0x1c,0x6d,0x66,0x24,0x01,0x40,
0x1f,0x71,0x7f,0xc1,0x4a,0x7f,0xe0,0xa1,0x3f,0xf0,0x51,0xef,0x04,0xff,0x00,0xc1,
0x62,0x53,0xf6,0x0d,0xf8,0x5d,0xfb,0x54,0x78,0x5b,0xf6,0x7c,0xf0,0x6c,0x3e,0x08,
0xd3,0xb5,0x79,0xb5,0xaf,0x15,0xe9,0xbe,0x1f,0xfe,0xcb,0xfe,0xd0,0xf2,0x49,0x98,
0x7d,0xa7,0x53,0xb4,0x2e,0x1e,0xe5,0xc7,0xc9,0x1f,0x9b,0xb4,0x63,0x0a,0xa3,0xa5,
0x7d,0x4b,0xff,0x00,0x04,0x44,0xff,0x00,0x82,0xba,0x7e,0xda,0x5f,0xb4,0xdf,0xc2,
0x4f,0xda,0x87,0xc3,0x5f,0x1c,0xad,0xec,0x7e,0x39,0xf8,0x8f,0xf6,0x78,0x9a,0x45,
0xd0,0x75,0xdf,0x08,0x43,0x0d,0xa4,0x5e,0x32,0x2a,0xba,0x88,0x8e,0x0b,0x53,0x0c,
0x71,0xdb,0x13,0x72,0xd6,0x08,0xd6,0xd2,0x45,0x02,0xee,0x8e,0xe1,0x73,0x1e,0x42,
0x86,0xe3,0x3f,0x69,0x0f,0xf8,0x23,0x17,0xc5,0x5f,0xdb,0xcb,0xfe,0x0b,0x5d,0x2f,
0xed,0x05,0xfb,0x5a,0xfc,0x2f,0x82,0xf3,0xe0,0xb6,0xbd,0xf0,0xb6,0x2d,0x1e,0xf2,
0xfc,0xea,0x16,0x2f,0xf6,0x1f,0x10,0x1b,0x33,0x18,0x10,0x5b,0xa5,0xd7,0xda,0xfc,
0xdb,0x69,0x5d,0xbc,0xa9,0x84,0x26,0x3c,0x80,0x77,0x11,0x5e,0xc1,0xff,0x00,0x04,
0x32,0xfd,0x89,0x7f,0xe0,0xa5,0xdf,0xb0,0xc7,0xec,0x37,0xf1,0xaf,0xf6,0x22,0xf1,
0xef,0x86,0x34,0x9f,0x01,0xf8,0x8b,0x4e,0xbf,0xd5,0x6e,0x3e,0x1b,0xf8,0xdd,0xdb,
0x4b,0xbd,0xb3,0xd4,0x66,0xbe,0x86,0x48,0xad,0xee,0xaf,0x2d,0xac,0xae,0x2e,0x2e,
0x48,0xb7,0x9e,0x28,0xa7,0x02,0xee,0x2d,0xfe,0x4c,0xab,0x16,0x08,0x8b,0xcb,0x00,
0x1f,0xbc,0x3f,0xb1,0x57,0xc7,0xbf,0x89,0x3f,0xb4,0xf7,0xec,0xbd,0xe1,0x0f,0x8f,
0x1f,0x17,0xfe,0x1c,0x6a,0xbf,0x08,0xfc,0x47,0xe2,0x1b,0x69,0x66,0xbd,0xf0,0x96,
0xb6,0x59,0xaf,0xb4,0xd6,0x8e,0xe2,0x48,0x55,0x25,0xdf,0x0d,0xbb,0xfe,0xf1,0x23,
0x59,0x90,0x3c,0x31,0xb8,0x49,0x14,0x32,0x2b,0x64,0x0f,0xaa,0xeb,0xe5,0x4f,0xd8,
0xab,0xc2,0x9f,0xb5,0x87,0x81,0xff,0x00,0x65,0xef,0x08,0xf8,0x57,0xf6,0xe3,0xf1,
0x3e,0x95,0xe3,0x3f,0x8a,0xb6,0x76,0xf2,0xaf,0x88,0x35,0x9d,0x12,0x01,0x6d,0x61,
0x75,0x31,0xb8,0x91,0xa1,0x30,0xc4,0x20,0xb6,0x03,0x65,0xb9,0x89,0x18,0x88,0x22,
0x0e,0xea,0x58,0x46,0x80,0xed,0x1f,0x55,0xd0,0x01,0x45,0x14,0x50,0x01,0x45,0x14,
0x50,0x01,0x45,0x14,0x50,0x01,0x45,0x14,0x50,0x01,0x45,0x14,0x50,0x01,0x45,0x14,
0x50,0x01,0x45,0x14,0x50,0x01,0x45,0x14,0x50,0x01,0x45,0x14,0x50,0x01,0x45,0x14,
0x50,0x01,0x45,0x14,0x50,0x01,0x45,0x14,0x50,0x01,0x45,0x14,0x50,0x07,0xe0,0x17,
0xfc,0x1d,0x17,0xff,0x00,0x28,0x2b,0xf8,0xe5,0xff,0x00,0x72,0xcf,0xfe,0xa4,0xfa,
0x4d,0x7e,0xfe,0xd7,0xe0,0x17,0xfc,0x1d,0x17,0xff,0x00,0x28,0x2b,0xf8,0xe5,0xff,
0x00,0x72,0xcf,0xfe,0xa4,0xfa,0x4d,0x7e,0xfe,0xd0,0x01,0x45,0x14,0x50,0x07,0xff,
0xd0,0xfe,0xfe,0x2b,0xf3,0xff,0x00,0xfe,0x0a,0xc3,0xff,0x00,0x28,0xb4,0xfd,0xa5,
0x7f,0xec,0x95,0x78,0xcb,0xff,0x00,0x4c,0x97,0x75,0xfa,0x01,0x5f,0x9f,0xff,0x00,
0xf0,0x56,0x1f,0xf9,0x45,0xa7,0xed,0x2b,0xff,0x00,0x64,0xab,0xc6,0x5f,0xfa,0x64,
0xbb,0xa0,0x03,0xfe,0x09,0x41,0xff,0x00,0x28,0xb4,0xfd,0x9a,0x7f,0xec,0x95,0x78,
0x37,0xff,0x00,0x4c,0x96,0x75,0xfa,0x01,0x5f,0x9f,0xff,0x00,0xf0,0x4a,0x0f,0xf9,
0x45,0xa7,0xec,0xd3,0xff,0x00,0x64,0xab,0xc1,0xbf,0xfa,0x64,0xb3,0xaf,0xd0,0x0a,
0x00,0x28,0xa2,0x8a,0x00,0x28,0xa2,0x8a,0x00,0x28,0xa2,0x8a,0x00,0x28,0xa2,0x8a,
0x00,0x28,0xa2,0x8a,0x00,0x28,0xa2,0x8a,0x00,0x28,0xa2,0x8a,0x00,0x28,0xa2,0x8a,
0x00,0x28,0xa2,0x8a,0x00,0x28,0xa2,0x8a,0x00,0x28,0xa2,0x8a,0x00,0x2b,0xf3,0xff,
0x00,0xfe,0x0a,0xc3,0xff,0x00,0x28,0xb4,0xfd,0xa5,0x7f,0xec,0x95,0x78,0xcb,0xff,
0x00,0x4c,0x97,0x75,0xfa,0x01,0x5f,0x9f,0xff,0x00,0xf0,0x56,0x1f,0xf9,0x45,0xa7,
0xed,0x2b,0xff,0x00,0x64,0xab,0xc6,0x5f,0xfa,0x64,0xbb,0xa0,0x03,0xfe,0x09,0x41,
0xff,0x00,0x28,0xb4,0xfd,0x9a,0x7f,0xec,0x95,0x78,0x37,0xff,0x00,0x4c,0x96,0x75,
0xfa,0x01,0x5f,0x9f,0xff,0x00,0xf0,0x4a,0x0f,0xf9,0x45,0xa7,0xec,0xd3,0xff,0x00,
0x64,0xab,0xc1,0xbf,0xfa,0x64,0xb3,0xaf,0xd0,0x0a,0x00,0x28,0xa2,0x8a,0x00,0x28,
0xa2,0x8a,0x00,0x28,0xa2,0x8a,0x00,0x28,0xa2,0x8a,0x00,0x28,0xa2,0x8a,0x00,0x28,
0xa2,0x8a,0x00,0x28,0xa2,0x8a,0x00,0x28,0xa2,0x8a,0x00,0x28,0xa2,0x8a,0x00,0x28,
0xa2,0x8a,0x00,0x28,0xa2,0x8a,0x00,0x28,0xa2,0x8a,0x00,0x28,0xa2,0x8a,0x00,0x28,
0xa2,0x8a,0x00,0x28,0xa2,0x8a,0x00,0x28,0xa2,0x8a,0x00,0x28,0xa2,0x8a,0x00,0x28,
0xa2,0x8a,0x00,0xfc,0x02,0xff,0x00,0x83,0xa2,0xff,0x00,0xe5,0x05,0x7f,0x1c,0xbf,
0xee,0x59,0xff,0x00,0xd4,0x9f,0x49,0xaf,0xdf,0xda,0xfc,0x02,0xff,0x00,0x83,0xa2,
0xff,0x00,0xe5,0x05,0x7f,0x1c,0xbf,0xee,0x59,0xff,0x00,0xd4,0x9f,0x49,0xaf,0xdf,
0xda,0x00,0x28,0xa2,0x8a,0x00,0xff,0xd1,0xfe,0xfe,0x2b,0xf3,0xff,0x00,0xfe,0x0a,
0xc3,0xff,0x00,0x28,0xb4,0xfd,0xa5,0x7f,0xec,0x95,0x78,0xcb,0xff,0x00,0x4c,0x97,
0x75,0xfa,0x01,0x5f,0x9f,0xff,0x00,0xf0,0x56,0x1f,0xf9,0x45,0xa7,0xed,0x2b,0xff,
0x00,0x64,0xab,0xc6,0x5f,0xfa,0x64,0xbb,0xa0,0x0f,0x87,0x7f,0xe0,0x99,0x9f,0xf0,
0x53,0x3f,0xf8,0x26,0xf7,0x80,0x7f,0xe0,0x9b,0xff,0x00,0xb3,0xf7,0x81,0x7c,0x73,
0xfb,0x40,0xfc,0x35,0xd1,0xb5,0xad,0x17,0xe1,0xaf,0x84,0xec,0x75,0x0d,0x3e,0xff,
0x00,0xc5,0x7a,0x3d,0xb5,0xd5,0xa5,0xd5,0xb6,0x8f,0x6b,0x14,0xd0,0x4f,0x0c,0xb7,
0x4a,0xf1,0x4b,0x14,0x8a,0x51,0xd1,0xc0,0x65,0x60,0x54,0x80,0x46,0x2b,0xee,0x2f,
0xf8,0x7b,0x0f,0xfc,0x12,0xd3,0xfe,0x8e,0x57,0xe1,0x57,0xfe,0x16,0x5a,0x27,0xff,
0x00,0x25,0xd7,0xc3,0xdf,0xf0,0x4c,0xcf,0xf8,0x26,0x6f,0xfc,0x13,0x83,0xc7,0x9f,
0xf0,0x4d,0xff,0x00,0xd9,0xf7,0xc7,0x3e,0x3a,0xfd,0x9f,0xbe,0x1a,0xeb,0x5a,0xde,
0xb5,0xf0,0xd7,0xc2,0x77,0xfa,0x86,0xa1,0x7f,0xe1,0x4d,0x1e,0xe6,0xea,0xee,0xea,
0xe3,0x47,0xb5,0x96,0x69,0xe7,0x9a,0x5b,0x56,0x92,0x59,0x64,0x76,0x2e,0xee,0xc4,
0xb3,0x31,0x24,0x9c,0xd7,0xdc,0x3f,0xf0,0xea,0x0f,0xf8,0x25,0xa7,0xfd,0x1b,0x4f,
0xc2,0xaf,0xfc,0x23,0x74,0x4f,0xfe,0x43,0xa0,0x03,0xfe,0x1e,0xc3,0xff,0x00,0x04,
0xb4,0xff,0x00,0xa3,0x95,0xf8,0x55,0xff,0x00,0x85,0x96,0x89,0xff,0x00,0xc9,0x74,
0x7f,0xc3,0xd8,0x7f,0xe0,0x96,0x9f,0xf4,0x72,0xbf,0x0a,0xbf,0xf0,0xb2,0xd1,0x3f,
0xf9,0x2e,0x8f,0xf8,0x75,0x07,0xfc,0x12,0xd3,0xfe,0x8d,0xa7,0xe1,0x57,0xfe,0x11,
0xba,0x27,0xff,0x00,0x21,0xd1,0xff,0x00,0x0e,0xa0,0xff,0x00,0x82,0x5a,0x7f,0xd1,
0xb4,0xfc,0x2a,0xff,0x00,0xc2,0x37,0x44,0xff,0x00,0xe4,0x3a,0x00,0x3f,0xe1,0xec,
0x3f,0xf0,0x4b,0x4f,0xfa,0x39,0x5f,0x85,0x5f,0xf8,0x59,0x68,0x9f,0xfc,0x97,0x47,
0xfc,0x3d,0x87,0xfe,0x09,0x69,0xff,0x00,0x47,0x2b,0xf0,0xab,0xff,0x00,0x0b,0x2d,
0x13,0xff,0x00,0x92,0xe8,0xff,0x00,0x87,0x50,0x7f,0xc1,0x2d,0x3f,0xe8,0xda,0x7e,
0x15,0x7f,0xe1,0x1b,0xa2,0x7f,0xf2,0x1d,0x1f,0xf0,0xea,0x0f,0xf8,0x25,0xa7,0xfd,
0x1b,0x4f,0xc2,0xaf,0xfc,0x23,0x74,0x4f,0xfe,0x43,0xa0,0x03,0xfe,0x1e,0xc3,0xff,
0x00,0x04,0xb4,0xff,0x00,0xa3,0x95,0xf8,0x55,0xff,0x00,0x85,0x96,0x89,0xff,0x00,
0xc9,0x74,0x7f,0xc3,0xd8,0x7f,0xe0,0x96,0x9f,0xf4,0x72,0xbf,0x0a,0xbf,0xf0,0xb2,
0xd1,0x3f,0xf9,0x2e,0x8f,0xf8,0x75,0x07,0xfc,0x12,0xd3,0xfe,0x8d,0xa7,0xe1,0x57,
0xfe,0x11,0xba,0x27,0xff,0x00,0x21,0xd1,0xff,0x00,0x0e,0xa0,0xff,0x00,0x82,0x5a,
0x7f,0xd1,0xb4,0xfc,0x2a,0xff,0x00,0xc2,0x37,0x44,0xff,0x00,0xe4,0x3a,0x00,0x3f,
0xe1,0xec,0x3f,0xf0,0x4b,0x4f,0xfa,0x39,0x5f,0x85,0x5f,0xf8,0x59,0x68,0x9f,0xfc,
0x97,0x47,0xfc,0x3d,0x87,0xfe,0x09,0x69,0xff,0x00,0x47,0x2b,0xf0,0xab,0xff,0x00,
0x0b,0x2d,0x13,0xff,0x00,0x92,0xe8,0xff,0x00,0x87,0x50,0x7f,0xc1,0x2d,0x3f,0xe8,
0xda,0x7e,0x15,0x7f,0xe1,0x1b,0xa2,0x7f,0xf2,0x1d,0x1f,0xf0,0xea,0x0f,0xf8,0x25,
0xa7,0xfd,0x1b,0x4f,0xc2,0xaf,0xfc,0x23,0x74,0x4f,0xfe,0x43,0xa0,0x03,0xfe,0x1e,
0xc3,0xff,0x00,0x04,0xb4,0xff,0x00,0xa3,0x95,0xf8,0x55,0xff,0x00,0x85,0x96,0x89,
0xff,0x00,0xc9,0x74,0x7f,0xc3,0xd8,0x7f,0xe0,0x96,0x9f,0xf4,0x72,0xbf,0x0a,0xbf,
0xf0,0xb2,0xd1,0x3f,0xf9,0x2e,0x8f,0xf8,0x75,0x07,0xfc,0x12,0xd3,0xfe,0x8d,0xa7,
0xe1,0x57,0xfe,0x11,0xba,0x27,0xff,0x00,0x21,0xd1,0xff,0x00,0x0e,0xa0,0xff,0x00,
0x82,0x5a,0x7f,0xd1,0xb4,0xfc,0x2a,0xff,0x00,0xc2,0x37,0x44,0xff,0x00,0xe4,0x3a,
0x00,0x3f,0xe1,0xec,0x3f,0xf0,0x4b,0x4f,0xfa,0x39,0x5f,0x85,0x5f,0xf8,0x59,0x68,
0x9f,0xfc,0x97,0x47,0xfc,0x3d,0x87,0xfe,0x09,0x69,0xff,0x00,0x47,0x2b,0xf0,0xab,
0xff,0x00,0x0b,0x2d,0x13,0xff,0x00,0x92,0xe8,0xff,0x00,0x87,0x50,0x7f,0xc1,0x2d,
0x3f,0xe8,0xda,0x7e,0x15,0x7f,0xe1,0x1b,0xa2,0x7f,0xf2,0x1d,0x1f,0xf0,0xea,0x0f,
0xf8,0x25,0xa7,0xfd,0x1b,0x4f,0xc2,0xaf,0xfc,0x23,0x74,0x4f,0xfe,0x43,0xa0,0x03,
0xfe,0x1e,0xc3,0xff,0x00,0x04,0xb4,0xff,0x00,0xa3,0x95,0xf8,0x55,0xff,0x00,0x85,
0x96,0x89,0xff,0x00,0xc9,0x74,0x7f,0xc3,0xd8,0x7f,0xe0,0x96,0x9f,0xf4,0x72,0xbf,
0x0a,0xbf,0xf0,0xb2,0xd1,0x3f,0xf9,0x2e,0x8f,0xf8,0x75,0x07,0xfc,0x12,0xd3,0xfe,
0x8d,0xa7,0xe1,0x57,0xfe,0x11,0xba,0x27,0xff,0x00,0x21,0xd1,0xff,0x00,0x0e,0xa0,
0xff,0x00,0x82,0x5a,0x7f,0xd1,0xb4,0xfc,0x2a,0xff,0x00,0xc2,0x37,0x44,0xff,0x00,
0xe4,0x3a,0x00,0x3f,0xe1,0xec,0x3f,0xf0,0x4b,0x4f,0xfa,0x39,0x5f,0x85,0x5f,0xf8,
0x59,0x68,0x9f,0xfc,0x97,0x47,0xfc,0x3d,0x87,0xfe,0x09,0x69,0xff,0x00,0x47,0x2b,
0xf0,0xab,0xff,0x00,0x0b,0x2d,0x13,0xff,0x00,0x92,0xe8,0xff,0x00,0x87,0x50,0x7f,
0xc1,0x2d,0x3f,0xe8,0xda,0x7e,0x15,0x7f,0xe1,0x1b,0xa2,0x7f,0xf2,0x1d,0x1f,0xf0,
0xea,0x0f,0xf8,0x25,0xa7,0xfd,0x1b,0x4f,0xc2,0xaf,0xfc,0x23,0x74,0x4f,0xfe,0x43,
0xa0,0x03,0xfe,0x1e,0xc3,0xff,0x00,0x04,0xb4,0xff,0x00,0xa3,0x95,0xf8,0x55,0xff,
0x00,0x85,0x96,0x89,0xff,0x00,0xc9,0x74,0x7f,0xc3,0xd8,0x7f,0xe0,0x96,0x9f,0xf4,
0x72,0xbf,0x0a,0xbf,0xf0,0xb2,0xd1,0x3f,0xf9,0x2e,0x8f,0xf8,0x75,0x07,0xfc,0x12,
0xd3,0xfe,0x8d,0xa7,0xe1,0x57,0xfe,0x11,0xba,0x27,0xff,0x00,0x21,0xd1,0xff,0x00,
0x0e,0xa0,0xff,0x00,0x82,0x5a,0x7f,0xd1,0xb4,0xfc,0x2a,0xff,0x00,0xc2,0x37,0x44,
0xff,0x00,0xe4,0x3a,0x00,0x3f,0xe1,0xec,0x3f,0xf0,0x4b,0x4f,0xfa,0x39,0x5f,0x85,
0x5f,0xf8,0x59,0x68,0x9f,0xfc,0x97,0x47,0xfc,0x3d,0x87,0xfe,0x09,0x69,0xff,0x00,
0x47,0x2b,0xf0,0xab,0xff,0x00,0x0b,0x2d,0x13,0xff,0x00,0x92,0xe8,0xff,0x00,0x87,
0x50,0x7f,0xc1,0x2d,0x3f,0xe8,0xda,0x7e,0x15,0x7f,0xe1,0x1b,0xa2,0x7f,0xf2,0x1d,
0x1f,0xf0,0xea,0x0f,0xf8,0x25,0xa7,0xfd,0x1b,0x4f,0xc2,0xaf,0xfc,0x23,0x74,0x4f,
0xfe,0x43,0xa0,0x03,0xfe,0x1e,0xc3,0xff,0x00,0x04,0xb4,0xff,0x00,0xa3,0x95,0xf8,
0x55,0xff,0x00,0x85,0x96,0x89,0xff,0x00,0xc9,0x74,0x7f,0xc3,0xd8,0x7f,0xe0,0x96,
0x9f,0xf4,0x72,0xbf,0x0a,0xbf,0xf0,0xb2,0xd1,0x3f,0xf9,0x2e,0x8f,0xf8,0x75,0x07,
0xfc,0x12,0xd3,0xfe,0x8d,0xa7,0xe1,0x57,0xfe,0x11,0xba,0x27,0xff,0x00,0x21,0xd1,
0xff,0x00,0x0e,0xa0,0xff,0x00,0x82,0x5a,0x7f,0xd1,0xb4,0xfc,0x2a,0xff,0x00,0xc2,
0x37,0x44,0xff,0x00,0xe4,0x3a,0x00,0x3f,0xe1,0xec,0x3f,0xf0,0x4b,0x4f,0xfa,0x39,
0x5f,0x85,0x5f,0xf8,0x59,0x68,0x9f,0xfc,0x97,0x5f,0x0e,0x7f,0xc1,0x4c,0x7f,0xe0,
0xa6,0x1f,0xf0,0x4d,0xdf,0x1d,0xff,0x00,0xc1,0x37,0x3f,0x68,0x1f,0x02,0x78,0x13,
0xf6,0x81,0xf8,0x6b,0xad,0x6b,0x5a,0xd7,0xc3,0x5f,0x15,0xd8,0xe9,0xfa,0x7d,0x8f,
0x8a,0xf4,0x7b,0x8b,0xab,0xbb,0xab,0x9d,0x1e,0xea,0x28,0x2d,0xed,0xe0,0x8a,0xe9,
0xa4,0x96,0x59,0x64,0x65,0x48,0xe3,0x45,0x2c,0xcc,0x42,0xa8,0xce,0x05,0x7d,0xc7,
0xff,0x00,0x0e,0xa0,0xff,0x00,0x82,0x5a,0x7f,0xd1,0xb4,0xfc,0x2a,0xff,0x00,0xc2,
0x37,0x44,0xff,0x00,0xe4,0x3a,0xf8,0x77,0xfe,0x0a,0x67,0xff,0x00,0x04,0xcb,0xff,
0x00,0x82,0x6f,0xf8,0x0b,0xfe,0x09,0xbd,0xfb,0x41,0x78,0xe3,0xc0,0xdf,0xb3,0xef,
0xc3,0x5d,0x1b,0x5b,0xd1,0x7e,0x1a,0xf8,0xae,0xfb,0x4f,0xd4,0x2c,0x3c,0x27,0xa3,
0xdb,0x5d,0x5a,0x5d,0x5b,0x68,0xf7,0x52,0xc3,0x3d,0xbc,0xd1,0x5a,0xac,0x91,0x4b,
0x13,0xaa,0xba,0x3a,0x30,0x65,0x60,0x0a,0x90,0x40,0xa0,0x07,0x7f,0xc1,0x33,0x3f,
0xe0,0xa6,0x7f,0xf0,0x4d,0xff,0x00,0x01,0x7f,0xc1,0x37,0xbf,0x67,0xef,0x02,0xf8,
0xe7,0xf6,0x81,0xf8,0x6b,0xa3,0x6b,0x5a,0x37,0xc3,0x5f,0x09,0xd8,0xea,0x1a,0x7d,
0xf7,0x8a,0xf4,0x7b,0x6b,0xab,0x4b,0xab,0x6d,0x1e,0xd6,0x29,0xad,0xe7,0x82,0x5b,
0xa5,0x92,0x29,0x62,0x91,0x4a,0x3c,0x6e,0xa1,0x95,0x81,0x52,0x01,0x18,0xaf,0xb8,
0x3f,0xe1,0xec,0x3f,0xf0,0x4b,0x4f,0xfa,0x39,0x5f,0x85,0x5f,0xf8,0x59,0x68,0x9f,
0xfc,0x97,0x5f,0x0f,0x7f,0xc1,0x33,0x3f,0xe0,0x99,0x9f,0xf0,0x4d,0xff,0x00,0x1e,
0xff,0x00,0xc1,0x37,0xff,0x00,0x67,0xdf,0x1c,0xf8,0xef,0xf6,0x7e,0xf8,0x6d,0xad,
0xeb,0x7a,0xcf,0xc3,0x6f,0x09,0xdf,0xea,0x1a,0x85,0xf7,0x85,0x34,0x7b,0x8b,0xab,
0xbb,0xab,0x8d,0x1e,0xd6,0x59,0xa7,0x9e,0x69,0x6d,0x5a,0x49,0x65,0x95,0xd8,0xbb,
0xbb,0x92,0xcc,0xc4,0x92,0x49,0xaf,0xb8,0x7f,0xe1,0xd4,0x1f,0xf0,0x4b,0x4f,0xfa,
0x36,0x9f,0x85,0x5f,0xf8,0x46,0xe8,0x9f,0xfc,0x87,0x40,0x07,0xfc,0x3d,0x87,0xfe,
0x09,0x69,0xff,0x00,0x47,0x2b,0xf0,0xab,0xff,0x00,0x0b,0x2d,0x13,0xff,0x00,0x92,
0xe8,0xff,0x00,0x87,0xb0,0xff,0x00,0xc1,0x2d,0x3f,0xe8,0xe5,0x7e,0x15,0x7f,0xe1,
0x65,0xa2,0x7f,0xf2,0x5d,0x1f,0xf0,0xea,0x0f,0xf8,0x25,0xa7,0xfd,0x1b,0x4f,0xc2,
0xaf,0xfc,0x23,0x74,0x4f,0xfe,0x43,0xa3,0xfe,0x1d,0x41,0xff,0x00,0x04,0xb4,0xff,
0x00,0xa3,0x69,0xf8,0x55,0xff,0x00,0x84,0x6e,0x89,0xff,0x00,0xc8,0x74,0x00,0x7f,
0xc3,0xd8,0x7f,0xe0,0x96,0x9f,0xf4,0x72,0xbf,0x0a,0xbf,0xf0,0xb2,0xd1,0x3f,0xf9,
0x2e,0x8f,0xf8,0x7b,0x0f,0xfc,0x12,0xd3,0xfe,0x8e,0x57,0xe1,0x57,0xfe,0x16,0x5a,
0x27,0xff,0x00,0x25,0xd1,0xff,0x00,0x0e,0xa0,0xff,0x00,0x82,0x5a,0x7f,0xd1,0xb4,
0xfc,0x2a,0xff,0x00,0xc2,0x37,0x44,0xff,0x00,0xe4,0x3a,0x3f,0xe1,0xd4,0x1f,0xf0,
0x4b,0x4f,0xfa,0x36,0x9f,0x85,0x5f,0xf8,0x46,0xe8,0x9f,0xfc,0x87,0x40,0x07,0xfc,
0x3d,0x87,0xfe,0x09,0x69,0xff,0x00,0x47,0x2b,0xf0,0xab,0xff,0x00,0x0b,0x2d,0x13,
0xff,0x00,0x92,0xe8,0xff,0x00,0x87,0xb0,0xff,0x00,0xc1,0x2d,0x3f,0xe8,0xe5,0x7e,
0x15,0x7f,0xe1,0x65,0xa2,0x7f,0xf2,0x5d,0x1f,0xf0,0xea,0x0f,0xf8,0x25,0xa7,0xfd,
0x1b,0x4f,0xc2,0xaf,0xfc,0x23,0x74,0x4f,0xfe,0x43,0xa3,0xfe,0x1d,0x41,0xff,0x00,
0x04,0xb4,0xff,0x00,0xa3,0x69,0xf8,0x55,0xff,0x00,0x84,0x6e,0x89,0xff,0x00,0xc8,
0x74,0x00,0x7f,0xc3,0xd8,0x7f,0xe0,0x96,0x9f,0xf4,0x72,0xbf,0x0a,0xbf,0xf0,0xb2,
0xd1,0x3f,0xf9,0x2e,0x8f,0xf8,0x7b,0x0f,0xfc,0x12,0xd3,0xfe,0x8e,0x57,0xe1,0x57,
0xfe,0x16,0x5a,0x27,0xff,0x00,0x25,0xd1,0xff,0x00,0x0e,0xa0,0xff,0x00,0x82,0x5a,
0x7f,0xd1,0xb4,0xfc,0x2a,0xff,0x00,0xc2,0x37,0x44,0xff,0x00,0xe4,0x3a,0x3f,0xe1,
0xd4,0x1f,0xf0,0x4b,0x4f,0xfa,0x36,0x9f,0x85,0x5f,0xf8,0x46,0xe8,0x9f,0xfc,0x87,
0x40,0x07,0xfc,0x3d,0x87,0xfe,0x09,0x69,0xff,0x00,0x47,0x2b,0xf0,0xab,0xff,0x00,
0x0b,0x2d,0x13,0xff,0x00,0x92,0xe8,0xff,0x00,0x87,0xb0,0xff,0x00,0xc1,0x2d,0x3f,
0xe8,0xe5,0x7e,0x15,0x7f,0xe1,0x65,0xa2,0x7f,0xf2,0x5d,0x1f,0xf0,0xea,0x0f,0xf8,
0x25,0xa7,0xfd,0x1b,0x4f,0xc2,0xaf,0xfc,0x23,0x74,0x4f,0xfe,0x43,0xa3,0xfe,0x1d,
0x41,0xff,0x00,0x04,0xb4,0xff,0x00,0xa3,0x69,0xf8,0x55,0xff,0x00,0x84,0x6e,0x89,
0xff,0x00,0xc8,0x74,0x00,0x7f,0xc3,0xd8,0x7f,0xe0,0x96,0x9f,0xf4,0x72,0xbf,0x0a,
0xbf,0xf0,0xb2,0xd1,0x3f,0xf9,0x2e,0x8f,0xf8,0x7b,0x0f,0xfc,0x12,0xd3,0xfe,0x8e,
0x57,0xe1,0x57,0xfe,0x16,0x5a,0x27,0xff,0x00,0x25,0xd1,0xff,0x00,0x0e,0xa0,0xff,
0x00,0x82,0x5a,0x7f,0xd1,0xb4,0xfc,0x2a,0xff,0x00,0xc2,0x37,0x44,0xff,0x00,0xe4,
0x3a,0x3f,0xe1,0xd4,0x1f,0xf0,0x4b,0x4f,0xfa,0x36,0x9f,0x85,0x5f,0xf8,0x46,0xe8,
0x9f,0xfc,0x87,0x40,0x07,0xfc,0x3d,0x87,0xfe,0x09,0x69,0xff,0x00,0x47,0x2b,0xf0,
0xab,0xff,0x00,0x0b,0x2d,0x13,0xff,0x00,0x92,0xe8,0xff,0x00,0x87,0xb0,0xff,0x00,
0xc1,0x2d,0x3f,0xe8,0xe5,0x7e,0x15,0x7f,0xe1,0x65,0xa2,0x7f,0xf2,0x5d,0x1f,0xf0,
0xea,0x0f,0xf8,0x25,0xa7,0xfd,0x1b,0x4f,0xc2,0xaf,0xfc,0x23,0x74,0x4f,0xfe,0x43,
0xa3,0xfe,0x1d,0x41,0xff,0x00,0x04,0xb4,0xff,0x00,0xa3,0x69,0xf8,0x55,0xff,0x00,
0x84,0x6e,0x89,0xff,0x00,0xc8,0x74,0x00,0x7f,0xc3,0xd8,0x7f,0xe0,0x96,0x9f,0xf4,
0x72,0xbf,0x0a,0xbf,0xf0,0xb2,0xd1,0x3f,0xf9,0x2e,0x8f,0xf8,0x7b,0x0f,0xfc,0x12,
0xd3,0xfe,0x8e,0x57,0xe1,0x57,0xfe,0x16,0x5a,0x27,0xff,0x00,0x25,0xd1,0xff,0x00,
0x0e,0xa0,0xff,0x00,0x82,0x5a,0x7f,0xd1,0xb4,0xfc,0x2a,0xff,0x00,0xc2,0x37,0x44,
0xff,0x00,0xe4,0x3a,0x3f,0xe1,0xd4,0x1f,0xf0,0x4b,0x4f,0xfa,0x36,0x9f,0x85,0x5f,
0xf8,0x46,0xe8,0x9f,0xfc,0x87,0x40,0x07,0xfc,0x3d,0x87,0xfe,0x09,0x69,0xff,0x00,
0x47,0x2b,0xf0,0xab,0xff,0x00,0x0b,0x2d,0x13,0xff,0x00,0x92,0xe8,0xff,0x00,0x87,
0xb0,0xff,0x00,0xc1,0x2d,0x3f,0xe8,0xe5,0x7e,0x15,0x7f,0xe1,0x65,0xa2,0x7f,0xf2,
0x5d,0x1f,0xf0,0xea,0x0f,0xf8,0x25,0xa7,0xfd,0x1b,0x4f,0xc2,0xaf,0xfc,0x23,0x74,
0x4f,0xfe,0x43,0xa3,0xfe,0x1d,0x41,0xff,0x00,0x04,0xb4,0xff,0x00,0xa3,0x69,0xf8,
0x55,0xff,0x00,0x84,0x6e,0x89,0xff,0x00,0xc8,0x74,0x00,0x7f,0xc3,0xd8,0x7f,0xe0,
0x96,0x9f,0xf4,0x72,0xbf,0x0a,0xbf,0xf0,0xb2,0xd1,0x3f,0xf9,0x2e,0x8f,0xf8,0x7b,
0x0f,0xfc,0x12,0xd3,0xfe,0x8e,0x57,0xe1,0x57,0xfe,0x16,0x5a,0x27,0xff,0x00,0x25,
0xd1,0xff,0x00,0x0e,0xa0,0xff,0x00,0x82,0x5a,0x7f,0xd1,0xb4,0xfc,0x2a,0xff,0x00,
0xc2,0x37,0x44,0xff,0x00,0xe4,0x3a,0x3f,0xe1,0xd4,0x1f,0xf0,0x4b,0x4f,0xfa,0x36,
0x9f,0x85,0x5f,0xf8,0x46,0xe8,0x9f,0xfc,0x87,0x40,0x07,0xfc,0x3d,0x87,0xfe,0x09,
0x69,0xff,0x00,0x47,0x2b,0xf0,0xab,0xff,0x00,0x0b,0x2d,0x13,0xff,0x00,0x92,0xe8,
0xff,0x00,0x87,0xb0,0xff,0x00,0xc1,0x2d,0x3f,0xe8,0xe5,0x7e,0x15,0x7f,0xe1,0x65,
0xa2,0x7f,0xf2,0x5d,0x1f,0xf0,0xea,0x0f,0xf8,0x25,0xa7,0xfd,0x1b,0x4f,0xc2,0xaf,
0xfc,0x23,0x74,0x4f,0xfe,0x43,0xa3,0xfe,0x1d,0x41,0xff,0x00,0x04,0xb4,0xff,0x00,
0xa3,0x69,0xf8,0x55,0xff,0x00,0x84,0x6e,0x89,0xff,0x00,0xc8,0x74,0x00,0x7f,0xc3,
0xd8,0x7f,0xe0,0x96,0x9f,0xf4,0x72,0xbf,0x0a,0xbf,0xf0,0xb2,0xd1,0x3f,0xf9,0x2e,
0x8f,0xf8,0x7b,0x0f,0xfc,0x12,0xd3,0xfe,0x8e,0x57,0xe1,0x57,0xfe,0x16,0x5a,0x27,
0xff,0x00,0x25,0xd1,0xff,0x00,0x0e,0xa0,0xff,0x00,0x82,0x5a,0x7f,0xd1,0xb4,0xfc,
0x2a,0xff,0x00,0xc2,0x37,0x44,0xff,0x00,0xe4,0x3a,0x3f,0xe1,0xd4,0x1f,0xf0,0x4b,
0x4f,0xfa,0x36,0x9f,0x85,0x5f,0xf8,0x46,0xe8,0x9f,0xfc,0x87,0x40,0x07,0xfc,0x3d,
0x87,0xfe,0x09,0x69,0xff,0x00,0x47,0x2b,0xf0,0xab,0xff,0x00,0x0b,0x2d,0x13,0xff,
0x00,0x92,0xe8,0xff,0x00,0x87,0xb0,0xff,0x00,0xc1,0x2d,0x3f,0xe8,0xe5,0x7e,0x15,
0x7f,0xe1,0x65,0xa2,0x7f,0xf2,0x5d,0x1f,0xf0,0xea,0x0f,0xf8,0x25,0xa7,0xfd,0x1b,
0x4f,0xc2,0xaf,0xfc,0x23,0x74,0x4f,0xfe,0x43,0xa3,0xfe,0x1d,0x41,0xff,0x00,0x04,
0xb4,0xff,0x00,0xa3,0x69,0xf8,0x55,0xff,0x00,0x84,0x6e,0x89,0xff,0x00,0xc8,0x74,
0x00,0x7f,0xc3,0xd8,0x7f,0xe0,0x96,0x9f,0xf4,0x72,0xbf,0x0a,0xbf,0xf0,0xb2,0xd1,
0x3f,0xf9,0x2e,0x8f,0xf8,0x7b,0x0f,0xfc,0x12,0xd3,0xfe,0x8e,0x57,0xe1,0x57,0xfe,
0x16,0x5a,0x27,0xff,0x00,0x25,0xd1,0xff,0x00,0x0e,0xa0,0xff,0x00,0x82,0x5a,0x7f,
0xd1,0xb4,0xfc,0x2a,0xff,0x00,0xc2,0x37,0x44,0xff,0x00,0xe4,0x3a,0x3f,0xe1,0xd4,
0x1f,0xf0,0x4b,0x4f,0xfa,0x36,0x9f,0x85,0x5f,0xf8,0x46,0xe8,0x9f,0xfc,0x87,0x40,
0x07,0xfc,0x3d,0x87,0xfe,0x09,0x69,0xff,0x00,0x47,0x2b,0xf0,0xab,0xff,0x00,0x0b,
0x2d,0x13,0xff,0x00,0x92,0xe8,0xff,0x00,0x87,0xb0,0xff,0x00,0xc1,0x2d,0x3f,0xe8,
0xe5,0x7e,0x15,0x7f,0xe1,0x65,0xa2,0x7f,0xf2,0x5d,0x1f,0xf0,0xea,0x0f,0xf8,0x25,
0xa7,0xfd,0x1b,0x4f,0xc2,0xaf,0xfc,0x23,0x74,0x4f,0xfe,0x43,0xa3,0xfe,0x1d,0x41,
0xff,0x00,0x04,0xb4,0xff,0x00,0xa3,0x69,0xf8,0x55,0xff,0x00,0x84,0x6e,0x89,0xff,
0x00,0xc8,0x74,0x00,0x7f,0xc3,0xd8,0x7f,0xe0,0x96,0x9f,0xf4,0x72,0xbf,0x0a,0xbf,
0xf0,0xb2,0xd1,0x3f,0xf9,0x2e,0x8f,0xf8,0x7b,0x0f,0xfc,0x12,0xd3,0xfe,0x8e,0x57,
0xe1,0x57,0xfe,0x16,0x5a,0x27,0xff,0x00,0x25,0xd1,0xff,0x00,0x0e,0xa0,0xff,0x00,
0x82,0x5a,0x7f,0xd1,0xb4,0xfc,0x2a,0xff,0x00,0xc2,0x37,0x44,0xff,0x00,0xe4,0x3a,
0x3f,0xe1,0xd4,0x1f,0xf0,0x4b,0x4f,0xfa,0x36,0x9f,0x85,0x5f,0xf8,0x46,0xe8,0x9f,
0xfc,0x87,0x40,0x07,0xfc,0x3d,0x87,0xfe,0x09,0x69,0xff,0x00,0x47,0x2b,0xf0,0xab,
0xff,0x00,0x0b,0x2d,0x13,0xff,0x00,0x92,0xe8,0xff,0x00,0x87,0xb0,0xff,0x00,0xc1,
0x2d,0x3f,0xe8,0xe5,0x7e,0x15,0x7f,0xe1,0x65,0xa2,0x7f,0xf2,0x5d,0x1f,0xf0,0xea,
0x0f,0xf8,0x25,0xa7,0xfd,0x1b,0x4f,0xc2,0xaf,0xfc,0x23,0x74,0x4f,0xfe,0x43,0xa3,
0xfe,0x1d,0x41,0xff,0x00,0x04,0xb4,0xff,0x00,0xa3,0x69,0xf8,0x55,0xff,0x00,0x84,
0x6e,0x89,0xff,0x00,0xc8,0x74,0x00,0x7f,0xc3,0xd8,0x7f,0xe0,0x96,0x9f,0xf4,0x72,
0xbf,0x0a,0xbf,0xf0,0xb2,0xd1,0x3f,0xf9,0x2e,0x8f,0xf8,0x7b,0x0f,0xfc,0x12,0xd3,
0xfe,0x8e,0x57,0xe1,0x57,0xfe,0x16,0x5a,0x27,0xff,0x00,0x25,0xd1,0xff,0x00,0x0e,
0xa0,0xff,0x00,0x82,0x5a,0x7f,0xd1,0xb4,0xfc,0x2a,0xff,0x00,0xc2,0x37,0x44,0xff,
0x00,0xe4,0x3a,0x3f,0xe1,0xd4,0x1f,0xf0,0x4b,0x4f,0xfa,0x36,0x9f,0x85,0x5f,0xf8,
0x46,0xe8,0x9f,0xfc,0x87,0x40,0x1f,0x88,0x1f,0xf0,0x71,0xb7,0xfc,0x14,0x1b,0xf6,
0x07,0xf8,0xe5,0xff,0x00,0x04,0x67,0xf8,0xc9,0xf0,0xb7,0xe0,0xaf,0xc7,0x0f,0x00,
0x78,0xbf,0xc4,0xda,0x9f,0xfc,0x23,0xdf,0x62,0xd2,0x34,0x4f,0x12,0xe9,0x5a,0x85,
0xf5,0xc7,0x91,0xe2,0x2d,0x32,0x79,0x7c,0x9b,0x6b,0x6b,0x97,0x95,0xfc,0xb8,0xa3,
0x79,0x1f,0x6a,0x9d,0xa8,0xac,0xc7,0x00,0x1c,0x7f,0x57,0xf5,0xfc,0xa0,0x7f,0xc1,
0xc6,0xff,0x00,0xf0,0x4f,0x7f,0xd8,0x23,0xe0,0x7f,0xfc,0x11,0x9b,0xe3,0x27,0xc5,
0x1f,0x82,0xbf,0x03,0xfc,0x01,0xe0,0xff,0x00,0x13,0x69,0x7f,0xf0,0x8f,0x7d,0x8b,
0x56,0xd1,0x3c,0x35,0xa5,0x69,0xf7,0xd6,0xfe,0x77,0x88,0xb4,0xc8,0x25,0xf2,0x6e,
0x6d,0xad,0xa3,0x96,0x3f,0x32,0x29,0x1e,0x37,0xda,0xc3,0x72,0x31,0x53,0xc1,0x22,
0xbf,0xab,0xfa,0x00,0x28,0xa2,0x8a,0x00,0xff,0xd2,0xfe,0xfe,0x2b,0xf3,0xff,0x00,
0xfe,0x0a,0xc3,0xff,0x00,0x28,0xb4,0xfd,0xa5,0x7f,0xec,0x95,0x78,0xcb,0xff,0x00,
0x4c,0x97,0x75,0xfa,0x01,0x5f,0x9f,0xff,0x00,0xf0,0x56,0x1f,0xf9,0x45,0xa7,0xed,
0x2b,0xff,0x00,0x64,0xab,0xc6,0x5f,0xfa,0x64,0xbb,0xa0,0x03,0xfe,0x09,0x41,0xff,
0x00,0x28,0xb4,0xfd,0x9a,0x7f,0xec,0x95,0x78,0x37,0xff,0x00,0x4c,0x96,0x75,0xfa,
0x01,0x5f,0x9f,0xff,0x00,0xf0,0x4a,0x0f,0xf9,0x45,0xa7,0xec,0xd3,0xff,0x00,0x64,
0xab,0xc1,0xbf,0xfa,0x64,0xb3,0xaf,0xd0,0x0a,0x00,0x28,0xa2,0x8a,0x00,0x28,0xa2,
0x8a,0x00,0x28,0xa2,0x8a,0x00,0x28,0xa2,0x8a,0x00,0x28,0xa2,0x8a,0x00,0x28,0xa2,
0x8a,0x00,0x28,0xa2,0x8a,0x00,0x28,0xa2,0x8a,0x00,0x28,0xa2,0x8a,0x00,0x28,0xa2,
0x8a,0x00,0x28,0xa2,0x8a,0x00,0x2b,0xf3,0xff,0x00,0xfe,0x0a,0xc3,0xff,0x00,0x28,
0xb4,0xfd,0xa5,0x7f,0xec,0x95,0x78,0xcb,0xff,0x00,0x4c,0x97,0x75,0xfa,0x01,0x5f,
0x9f,0xff,0x00,0xf0,0x56,0x1f,0xf9,0x45,0xa7,0xed,0x2b,0xff,0x00,0x64,0xab,0xc6,
0x5f,0xfa,0x64,0xbb,0xa0,0x03,0xfe,0x09,0x41,0xff,0x00,0x28,0xb4,0xfd,0x9a,0x7f,
0xec,0x95,0x78,0x37,0xff,0x00,0x4c,0x96,0x75,0xfa,0x01,0x5f,0x9f,0xff,0x00,0xf0,
0x4a,0x0f,0xf9,0x45,0xa7,0xec,0xd3,0xff,0x00,0x64,0xab,0xc1,0xbf,0xfa,0x64,0xb3,
0xaf,0xd0,0x0a,0x00,0x28,0xa2,0x8a,0x00,0x28,0xa2,0x8a,0x00,0x28,0xa2,0x8a,0x00,
0x28,0xa2,0x8a,0x00,0x28,0xa2,0x8a,0x00,0x28,0xa2,0x8a,0x00,0x28,0xa2,0x8a,0x00,
0x28,0xa2,0x8a,0x00,0x28,0xa2,0x8a,0x00,0x28,0xa2,0x8a,0x00,0x28,0xa2,0x8a,0x00,
0x28,0xa2,0x8a,0x00,0x28,0xa2,0x8a,0x00,0x28,0xa2,0x8a,0x00,0x28,0xa2,0x8a,0x00,
0x28,0xa2,0x8a,0x00,0x28,0xa2,0x8a,0x00,0x28,0xa2,0x8a,0x00,0xfc,0x02,0xff,0x00,
0x83,0xa2,0xff,0x00,0xe5,0x05,0x7f,0x1c,0xbf,0xee,0x59,0xff,0x00,0xd4,0x9f,0x49,
0xaf,0xdf,0xda,0xfc,0x02,0xff,0x00,0x83,0xa2,0xff,0x00,0xe5,0x05,0x7f,0x1c,0xbf,
0xee,0x59,0xff,0x00,0xd4,0x9f,0x49,0xaf,0xdf,0xda,0x00,0x28,0xa2,0x8a,0x00,0xff,
0xd3,0xfe,0xfe,0x2b,0xf3,0xff,0x00,0xfe,0x0a,0xc3,0xff,0x00,0x28,0xb4,0xfd,0xa5,
0x7f,0xec,0x95,0x78,0xcb,0xff,0x00,0x4c,0x97,0x75,0xfa,0x01,0x5f,0x9f,0xff,0x00,
0xf0,0x56,0x1f,0xf9,0x45,0xa7,0xed,0x2b,0xff,0x00,0x64,0xab,0xc6,0x5f,0xfa,0x64,
0xbb,0xa0,0x03,0xfe,0x09,0x41,0xff,0x00,0x28,0xb4,0xfd,0x9a,0x7f,0xec,0x95,0x78,
0x37,0xff,0x00,0x4c,0x96,0x75,0xfa,0x01,0x5f,0x9f,0xff,0x00,0xf0,0x4a,0x0f,0xf9,
0x45,0xa7,0xec,0xd3,0xff,0x00,0x64,0xab,0xc1,0xbf,0xfa,0x64,0xb3,0xaf,0xd0,0x0a,
0x00,0x28,0xa2,0x8a,0x00,0x28,0xa2,0x8a,0x00,0x28,0xa2,0x8a,0x00,0x28,0xa2,0x8a,
0x00,0x28,0xa2,0x8a,0x00,0x28,0xa2,0x8a,0x00,0x28,0xa2,0x8a,0x00,0x28,0xa2,0x8a,
0x00,0x28,0xa2,0x8a,0x00,0x28,0xa2,0x8a,0x00,0x28,0xa2,0x8a,0x00,0x2b,0xf3,0xff,
0x00,0xfe,0x0a,0xc3,0xff,0x00,0x28,0xb4,0xfd,0xa5,0x7f,0xec,0x95,0x78,0xcb,0xff,
0x00,0x4c,0x97,0x75,0xfa,0x01,0x5f,0x9f,0xff,0x00,0xf0,0x56,0x1f,0xf9,0x45,0xa7,
0xed,0x2b,0xff,0x00,0x64,0xab,0xc6,0x5f,0xfa,0x64,0xbb,0xa0,0x03,0xfe,0x09,0x41,
0xff,0x00,0x28,0xb4,0xfd,0x9a,0x7f,0xec,0x95,0x78,0x37,0xff,0x00,0x4c,0x96,0x75,
0xfa,0x01,0x5f,0x9f,0xff,0x00,0xf0,0x4a,0x0f,0xf9,0x45,0xa7,0xec,0xd3,0xff,0x00,
0x64,0xab,0xc1,0xbf,0xfa,0x64,0xb3,0xaf,0xd0,0x0a,0x00,0xfe,0x74,0xfc,0x33,0xff,
0x00,0x05,0x8f,0xf8,0xb3,0xf0,0xeb,0xfe,0x0a,0xbd,0xfb,0x45,0xfe,0xc2,0xdf,0xb5,
0x4e,0x99,0xe1,0xed,0x3b,0xc1,0x9f,0x0b,0x3c,0x11,0x3f,0x8f,0x3c,0x31,0xa9,0x69,
0xd0,0xdc,0xdb,0xde,0xdf,0x69,0xd6,0x76,0xb6,0xd7,0xd3,0xc7,0x75,0x2c,0xf7,0x73,
0x42,0xf2,0x24,0x13,0xbf,0x31,0xc3,0x08,0xcc,0x12,0x1c,0x63,0x02,0xbf,0x33,0x7f,
0x60,0x8f,0xf8,0x39,0xf7,0xe3,0x9f,0xed,0x13,0xff,0x00,0x04,0xff,0x00,0xfd,0xa9,
0x3f,0x69,0x1f,0x8e,0x9a,0x07,0x83,0xf4,0x8f,0x1c,0xfc,0x13,0xd1,0xec,0x75,0x2f,
0x0e,0xd9,0x69,0xb6,0xf7,0xd0,0xe9,0xf7,0x87,0x55,0x69,0x2c,0xed,0x05,0xd4,0x73,
0xdf,0xcd,0x34,0x81,0x2f,0xc4,0x29,0x28,0x8a,0x58,0x4b,0x24,0xaa,0xab,0x86,0x3b,
0x87,0x86,0xff,0x00,0xc1,0xd4,0x1f,0xb1,0x17,0xed,0xa3,0xa9,0x7e,0xd9,0x5e,0x0b,
0xfd,0xaa,0xbf,0x61,0xcf,0x87,0xde,0x29,0xf1,0x8c,0x9e,0x37,0xf0,0x1e,0xab,0xe0,
0x9f,0x13,0x0f,0x0a,0xe9,0x17,0xba,0xa9,0x48,0x57,0xcc,0x89,0xbe,0xd6,0xb6,0x51,
0x48,0x62,0xfb,0x45,0xad,0xff,0x00,0x97,0x19,0x7c,0x06,0xfb,0x3e,0x06,0x76,0x30,
0xaf,0xc8,0x4f,0xdb,0xeb,0xfe,0x08,0xc5,0xff,0x00,0x05,0x05,0xfd,0x9c,0xbe,0x20,
0xf8,0x47,0xf6,0x7f,0xfd,0x93,0xfe,0x1a,0xf8,0xaf,0x5d,0xf0,0xcf,0xc5,0xef,0x86,
0xbe,0x07,0xb5,0xf1,0x95,0xc6,0x89,0xa2,0xdf,0x5d,0xe9,0x70,0x6b,0xb6,0x4d,0x6e,
0xb7,0x8b,0x79,0x2d,0xb4,0x0d,0x1d,0xb3,0xc5,0x79,0x64,0xb7,0x4f,0xe6,0x11,0x85,
0x94,0xbb,0x72,0xc4,0x80,0x0f,0xde,0xff,0x00,0x8c,0x7f,0xf0,0x5e,0xcf,0xf8,0x2a,
0xef,0x84,0xbc,0x17,0xfb,0x23,0x68,0x7e,0x06,0xf0,0xaf,0xc2,0xa8,0x7c,0x75,0xfb,
0x48,0x78,0x6a,0xeb,0x5e,0xb9,0x1a,0xf5,0xb6,0xa9,0x65,0xa4,0xda,0x09,0x2e,0xdc,
0xe9,0xde,0x5c,0xad,0xab,0xa1,0x82,0x27,0xb1,0x31,0x3c,0x8d,0x2c,0x92,0x6e,0x90,
0xe5,0x76,0xa9,0x0a,0x3e,0xd9,0xd5,0x7f,0xe0,0xa5,0x1f,0xf0,0x56,0xef,0x80,0x5f,
0xf0,0x4e,0x7f,0xda,0x13,0xf6,0xc2,0xfd,0xaa,0x34,0x6f,0x83,0x77,0x5a,0xdf,0xc3,
0xbb,0x4d,0x16,0x6f,0x08,0x47,0xe0,0xcb,0x9b,0xcd,0x4f,0x4f,0x9a,0x5b,0x9b,0xc3,
0x06,0xa0,0x9a,0xaa,0xa6,0xa9,0x2c,0x83,0x64,0x72,0x5b,0xb4,0x02,0x39,0x61,0x39,
0x2c,0x4e,0xe0,0x00,0x1f,0x9b,0x7f,0xf0,0x70,0x8f,0xec,0x49,0xe2,0x33,0xfb,0x5a,
0xfe,0xc9,0xd6,0x3a,0x57,0xc0,0x0f,0x1b,0x7c,0x76,0xf8,0x43,0xf0,0xd7,0xc2,0xaf,
0xa3,0x6b,0xba,0x47,0x83,0xb4,0xcd,0x4e,0x53,0x2d,0x9d,0xab,0x47,0x0c,0x36,0xcd,
0x73,0xa5,0xae,0x6d,0x64,0x65,0x45,0x65,0x02,0x44,0x38,0x1c,0x71,0x56,0x57,0xe1,
0x97,0x84,0x3c,0x71,0xff,0x00,0x04,0x63,0xfd,0xac,0xbf,0x66,0xaf,0xd8,0x7b,0xf6,
0x2a,0xf8,0xab,0xf0,0x16,0xea,0xfe,0xd7,0x42,0xbf,0x8b,0x46,0xf1,0x15,0x96,0xbb,
0x7d,0x77,0xe2,0x1b,0xc9,0xaf,0xe2,0x47,0xfe,0xcd,0x8a,0xfc,0xcf,0x3c,0xad,0x6b,
0x0d,0xa8,0x33,0x24,0x1c,0x2a,0xb2,0xb1,0x03,0xad,0x00,0x7d,0xe1,0xf1,0xd3,0xfe,
0x0e,0x09,0xf8,0xd5,0xf0,0xf3,0xf6,0x52,0xfd,0x99,0x74,0x2f,0x82,0xff,0x00,0x0d,
0xf4,0xff,0x00,0x88,0x7f,0xb4,0xc7,0xed,0x2d,0xe1,0xcd,0x3f,0x57,0xd3,0x7c,0x3b,
0x68,0xd2,0xda,0xe8,0xf6,0x4d,0x78,0x15,0x7c,0xf9,0x16,0x49,0x9a,0x63,0x0b,0xcd,
0xbd,0x22,0x8d,0xae,0x50,0x2a,0xc7,0x23,0xcb,0x70,0x8b,0x1f,0xcd,0xf4,0x5f,0xec,
0x89,0xfb,0x7c,0x7f,0xc1,0x65,0xbc,0x35,0xfb,0x63,0xe8,0x3f,0xb2,0x9f,0xfc,0x14,
0xcf,0xf6,0x74,0xb2,0x83,0x44,0xf1,0x7d,0xbc,0x93,0x69,0xfe,0x3b,0xf8,0x69,0x6d,
0xa9,0x5e,0xe8,0x3a,0x64,0x8a,0x8c,0x52,0x1d,0x56,0x47,0x96,0xf9,0x21,0xde,0xf1,
0x94,0xde,0xf3,0x42,0x50,0xb4,0x67,0xcb,0x68,0xc9,0x90,0x7e,0x2c,0x7c,0x4e,0xff,
0x00,0x82,0x7c,0xff,0x00,0xc1,0x40,0xfe,0x02,0xfc,0x37,0xfd,0x85,0x3f,0xe0,0xab,
0x7f,0xb3,0x07,0xc3,0x2d,0x43,0xc6,0x7e,0x3a,0xf8,0x15,0xf0,0xef,0x49,0xf0,0xe7,
0x8b,0xfc,0x01,0x73,0x14,0x96,0x7a,0xc0,0xb3,0xb7,0x8e,0xe1,0x99,0x23,0xb4,0x95,
0x3e,0xd1,0xe7,0x15,0xbf,0xbb,0x82,0x44,0x8e,0x17,0x9e,0x27,0x31,0x38,0x86,0x45,
0x57,0x0b,0xc3,0x7e,0xc3,0x9f,0xf0,0x4c,0xdf,0x89,0x7f,0xb6,0x4f,0xfc,0x16,0xa3,
0xc2,0xff,0x00,0xf0,0x50,0x3f,0x0a,0x7e,0xce,0x9e,0x35,0xfd,0x9e,0x7e,0x1d,0xf8,
0x5f,0x5e,0xbc,0xf1,0x8f,0x89,0xe7,0xf8,0x81,0x34,0xf1,0xea,0x3a,0xbf,0x88,0x67,
0x96,0x4b,0xe4,0x4b,0x1b,0x2b,0x88,0xad,0xe4,0x48,0x0d,0xcc,0xa9,0x8f,0x2d,0x1a,
0x25,0x8d,0x64,0x2d,0x26,0xfd,0x90,0xd0,0x07,0xeb,0x0f,0xfc,0x13,0xef,0xfe,0x0b,
0xcf,0xf1,0x5b,0xf6,0x95,0xfd,0x82,0xbf,0x69,0x3f,0xda,0x3f,0xe3,0xc4,0x9e,0x03,
0xf0,0xef,0x8d,0xfe,0x12,0xdc,0x78,0x86,0x1f,0x0c,0x69,0x56,0xe6,0x7b,0x48,0x6f,
0xc6,0x97,0xa5,0xfd,0xb2,0xd7,0xed,0x16,0xf7,0x3a,0x84,0xb3,0xce,0x64,0x9f,0xf7,
0x6d,0xe4,0x49,0x1e,0xe1,0xf2,0xae,0xd6,0xe6,0xb9,0xcf,0x81,0xdf,0xf0,0x54,0x3f,
0xf8,0x2d,0x9f,0xed,0x8d,0xff,0x00,0x04,0xc9,0xf8,0x6f,0xfb,0x72,0x7e,0xc8,0xbe,
0x06,0xf8,0x53,0x7b,0xaa,0xde,0xbf,0x8a,0xdf,0xc6,0xb6,0xfa,0xd2,0x6a,0x96,0xd6,
0x96,0xd6,0xfa,0x3d,0xd2,0x45,0xa7,0x1d,0x3a,0x25,0xd5,0x04,0xa5,0xa4,0x8a,0x3b,
0x93,0x3e,0xf9,0x64,0xcb,0x2a,0x6c,0x08,0x38,0x3f,0x8e,0x7f,0xf0,0x4f,0x2f,0xf8,
0x20,0xdf,0xc3,0xcf,0x8c,0x7f,0xb0,0x0f,0xed,0x53,0xf1,0x77,0xf6,0xce,0xf8,0x01,
0xe2,0x94,0xf8,0xc3,0xa3,0x5e,0xf8,0x9e,0x4f,0x00,0xae,0xa7,0x0f,0x88,0x34,0x9b,
0xe9,0xbc,0xbd,0x28,0xdc,0x69,0xed,0x65,0xa7,0x47,0x2d,0xb2,0x5f,0x06,0xbd,0x3f,
0xbb,0xcc,0x12,0x89,0x1f,0xf7,0x7f,0x30,0xf9,0x6b,0xf7,0xf3,0xfe,0x08,0x2b,0xf0,
0x2f,0xe3,0x7f,0xc1,0xef,0xf8,0x20,0x94,0x3f,0x07,0xbe,0x2d,0xf8,0x37,0x5c,0xf0,
0xbf,0x8b,0x85,0xaf,0x8b,0x94,0xe8,0x7a,0xbe,0x9d,0x73,0x63,0xa9,0x66,0xe6,0xe6,
0xec,0xc0,0x3e,0xc9,0x3c,0x69,0x37,0xef,0x55,0x94,0xc6,0x36,0x7c,0xc0,0x8d,0xb9,
0xc8,0xa0,0x0f,0x08,0xff,0x00,0x82,0x29,0xff,0x00,0xc1,0x52,0xbf,0xe0,0xb6,0x5f,
0xf0,0x54,0x1d,0x43,0xc3,0xdf,0x1d,0x7c,0x61,0xe0,0x6f,0x85,0x56,0x1f,0x03,0xc6,
0xb5,0x79,0xa3,0x6b,0xf7,0xda,0x64,0x7a,0xa5,0xb6,0xb5,0x13,0x5a,0xda,0x89,0x3f,
0xd1,0x61,0xb8,0xd5,0x2e,0x23,0x3f,0xbd,0x96,0x10,0x4b,0x23,0x0d,0xa5,0xb0,0x06,
0x33,0x5f,0xb9,0x9f,0xb0,0x97,0xfc,0x14,0x4b,0xe0,0x97,0xfc,0x14,0x1a,0xd3,0xe2,
0x1d,0xdf,0xc1,0x8d,0x27,0xc4,0x3a,0x48,0xf8,0x69,0xe2,0x9b,0xcf,0x08,0xea,0x6b,
0xe2,0x0b,0x14,0xb2,0x32,0x5e,0xd9,0x71,0x23,0xdb,0x84,0x96,0x6c,0xc5,0xed,0x27,
0x97,0x32,0x74,0x92,0x24,0xe0,0x57,0xe4,0xef,0xfc,0x1a,0x93,0xf0,0x27,0xe3,0x8f,
0xec,0xed,0xff,0x00,0x04,0xbe,0xbd,0xf0,0x07,0xed,0x03,0xe0,0xcd,0x77,0xc0,0xba,
0xf3,0x78,0xdb,0x56,0xba,0x5d,0x37,0xc4,0x3a,0x75,0xce,0x97,0x76,0x6d,0xe4,0xb7,
0xb2,0x54,0x94,0x41,0x75,0x1c,0x52,0x79,0x6c,0x51,0x82,0xb6,0xdc,0x12,0xa4,0x0e,
0x95,0xfa,0xc9,0xfb,0x08,0xfc,0x40,0xff,0x00,0x82,0x84,0xf8,0xf2,0xd7,0xe2,0x11,
0xfd,0xbf,0xbc,0x09,0xe1,0xef,0x03,0xcd,0xa6,0x78,0xa6,0xf2,0xd3,0xc2,0x23,0xc3,
0xf7,0x62,0xe9,0x75,0x0f,0x0f,0xa6,0x3e,0xcd,0x75,0x71,0x8b,0x9b,0x9c,0x48,0xfe,
0xad,0xf6,0x77,0x6f,0xe2,0xb6,0x87,0x18,0x20,0x1f,0x7f,0x51,0x45,0x14,0x00,0x51,
0x45,0x14,0x00,0x51,0x45,0x14,0x00,0x51,0x45,0x14,0x00,0x51,0x45,0x14,0x00,0x51,
0x45,0x14,0x00,0x51,0x45,0x14,0x00,0x51,0x45,0x14,0x00,0x51,0x45,0x14,0x00,0x51,
0x45,0x14,0x00,0x51,0x45,0x14,0x00,0x51,0x45,0x14,0x00,0x51,0x45,0x14,0x01,0xf8,
0x05,0xff,0x00,0x07,0x45,0xff,0x00,0xca,0x0a,0xfe,0x39,0x7f,0xdc,0xb3,0xff,0x00,
0xa9,0x3e,0x93,0x5f,0xbf,0xb5,0xf8,0x05,0xff,0x00,0x07,0x45,0xff,0x00,0xca,0x0a,
0xfe,0x39,0x7f,0xdc,0xb3,0xff,0x00,0xa9,0x3e,0x93,0x5f,0xbf,0xb4,0x00,0x51,0x45,
0x14,0x01,0xff,0xd4,0xfe,0xfe,0x2b,0xf3,0xff,0x00,0xfe,0x0a,0xc3,0xff,0x00,0x28,
0xb4,0xfd,0xa5,0x7f,0xec,0x95,0x78,0xcb,0xff,0x00,0x4c,0x97,0x75,0xfa,0x01,0x5f,
0x9f,0xff,0x00,0xf0,0x56,0x1f,0xf9,0x45,0xa7,0xed,0x2b,0xff,0x00,0x64,0xab,0xc6,
0x5f,0xfa,0x64,0xbb,0xa0,0x03,0xfe,0x09,0x41,0xff,0x00,0x28,0xb4,0xfd,0x9a,0x7f,
0xec,0x95,0x78,0x37,0xff,0x00,0x4c,0x96,0x75,0xfa,0x01,0x5f,0x9f,0xff,0x00,0xf0,
0x4a,0x0f,0xf9,0x45,0xa7,0xec,0xd3,0xff,0x00,0x64,0xab,0xc1,0xbf,0xfa,0x64,0xb3,
0xaf,0xd0,0x0a,0x00,0x28,0xa2,0x8a,0x00,0x28,0xa2,0x8a,0x00,0x28,0xa2,0x8a,0x00,
0x28,0xa2,0x8a,0x00,0x28,0xa2,0x8a,0x00,0x28,0xa2,0x8a,0x00,0x28,0xa2,0x8a,0x00,
0x28,0xa2,0x8a,0x00,0x28,0xa2,0x8a,0x00,0x28,0xa2,0x8a,0x00,0x28,0xa2,0x8a,0x00,
0x2b,0xf3,0xff,0x00,0xfe,0x0a,0xc3,0xff,0x00,0x28,0xb4,0xfd,0xa5,0x7f,0xec,0x95,
0x78,0xcb,0xff,0x00,0x4c,0x97,0x75,0xfa,0x01,0x5f,0x9f,0xff,0x00,0xf0,0x56,0x1f,
0xf9,0x45,0xa7,0xed,0x2b,0xff,0x00,0x64,0xab,0xc6,0x5f,0xfa,0x64,0xbb,0xa0,0x03,
0xfe,0x09,0x41,0xff,0x00,0x28,0xb4,0xfd,0x9a,0x7f,0xec,0x95,0x78,0x37,0xff,0x00,
0x4c,0x96,0x75,0xfa,0x01,0x5f,0x9f,0xff,0x00,0xf0,0x4a,0x0f,0xf9,0x45,0xa7,0xec,
0xd3,0xff,0x00,0x64,0xab,0xc1,0xbf,0xfa,0x64,0xb3,0xaf,0xd0,0x0a,0x00,0x28,0xa2,
0x8a,0x00,0x28,0xa2,0x8a,0x00,0x28,0xa2,0x8a,0x00,0x28,0xa2,0x8a,0x00,0x28,0xa2,
0x8a,0x00,0x28,0xa2,0x8a,0x00,0x28,0xa2,0x8a,0x00,0x28,0xa2,0x8a,0x00,0x28,0xa2,
0x8a,0x00,0x28,0xa2,0x8a,0x00,0x28,0xa2,0x8a,0x00,0x28,0xa2,0x8a,0x00,0x28,0xa2,
0x8a,0x00,0x28,0xa2,0x8a,0x00,0x28,0xa2,0x8a,0x00,0x28,0xa2,0x8a,0x00,0x28,0xa2,
0x8a,0x00,0x28,0xa2,0x8a,0x00,0xfc,0x02,0xff,0x00,0x83,0xa2,0xff,0x00,0xe5,0x05,
0x7f,0x1c,0xbf,0xee,0x59,0xff,0x00,0xd4,0x9f,0x49,0xaf,0xdf,0xda,0xfc,0x02,0xff,
0x00,0x83,0xa2,0xff,0x00,0xe5,0x05,0x7f,0x1c,0xbf,0xee,0x59,0xff,0x00,0xd4,0x9f,
0x49,0xaf,0xdf,0xda,0x00,0x28,0xa2,0x8a,0x00,0xff,0xd5,0xfe,0xfe,0x2b,0xf3,0xff,
0x00,0xfe,0x0a,0xc3,0xff,0x00,0x28,0xb4,0xfd,0xa5,0x7f,0xec,0x95,0x78,0xcb,0xff,
0x00,0x4c,0x97,0x75,0xfa,0x01,0x5f,0x9f,0xff,0x00,0xf0,0x56,0x1f,0xf9,0x45,0xa7,
0xed,0x2b,0xff,0x00,0x64,0xab,0xc6,0x5f,0xfa,0x64,0xbb,0xa0,0x03,0xfe,0x09,0x41,
0xff,0x00,0x28,0xb4,0xfd,0x9a,0x7f,0xec,0x95,0x78,0x37,0xff,0x00,0x4c,0x96,0x75,
0xfa,0x01,0x5f,0xca,0x0f,0xfc,0x13,0xe3,0xfe,0x0d,0xc8,0xff,0x00,0x82,0x34,0x7c,
0x71,0xfd,0x81,0xfe,0x07,0xfc,0x6a,0xf8,0xa3,0xf0,0x73,0xfb,0x4f,0xc4,0xde,0x2f,
0xf8,0x7f,0xe1,0x9d,0x6b,0x57,0xbc,0xff,0x00,0x84,0x87,0xc4,0x50,0xfd,0xa2,0xff,
0x00,0x50,0xd2,0xad,0xae,0x2e,0x65,0xf2,0xa0,0xd4,0xe3,0x8a,0x3d,0xf2,0xbb,0x36,
0xc8,0xd1,0x51,0x73,0x85,0x50,0x00,0x03,0xeb,0xff,0x00,0xf8,0x85,0xd7,0xfe,0x08,
0x57,0xff,0x00,0x44,0x37,0xff,0x00,0x2e,0x6f,0x13,0xff,0x00,0xf2,0xd6,0x80,0x3f,
0x7f,0xe8,0xaf,0xc0,0x0f,0xf8,0x85,0xd7,0xfe,0x08,0x57,0xff,0x00,0x44,0x37,0xff,
0x00,0x2e,0x6f,0x13,0xff,0x00,0xf2,0xd6,0x8f,0xf8,0x85,0xd7,0xfe,0x08,0x57,0xff,
0x00,0x44,0x37,0xff,0x00,0x2e,0x6f,0x13,0xff,0x00,0xf2,0xd6,0x80,0x3f,0x7f,0xe8,
0xaf,0xc0,0x0f,0xf8,0x85,0xd7,0xfe,0x08,0x57,0xff,0x00,0x44,0x37,0xff,0x00,0x2e,
0x6f,0x13,0xff,0x00,0xf2,0xd6,0x8f,0xf8,0x85,0xd7,0xfe,0x08,0x57,0xff,0x00,0x44,
0x37,0xff,0x00,0x2e,0x6f,0x13,0xff,0x00,0xf2,0xd6,0x80,0x3f,0x7f,0xe8,0xaf,0xc0,
0x0f,0xf8,0x85,0xd7,0xfe,0x08,0x57,0xff,0x00,0x44,0x37,0xff,0x00,0x2e,0x6f,0x13,
0xff,0x00,0xf2,0xd6,0x8f,0xf8,0x85,0xd7,0xfe,0x08,0x57,0xff,0x00,0x44,0x37,0xff,
0x00,0x2e,0x6f,0x13,0xff,0x00,0xf2,0xd6,0x80,0x3f,0x7f,0xe8,0xaf,0xc0,0x0f,0xf8,
0x85,0xd7,0xfe,0x08,0x57,0xff,0x00,0x44,0x37,0xff,0x00,0x2e,0x6f,0x13,0xff,0x00,
0xf2,0xd6,0x8f,0xf8,0x85,0xd7,0xfe,0x08,0x57,0xff,0x00,0x44,0x37,0xff,0x00,0x2e,
0x6f,0x13,0xff,0x00,0xf2,0xd6,0x80,0x3f,0x7f,0xe8,0xaf,0xc0,0x0f,0xf8,0x85,0xd7,
0xfe,0x08,0x57,0xff,0x00,0x44,0x37,0xff,0x00,0x2e,0x6f,0x13,0xff,0x00,0xf2,0xd6,
0x8f,0xf8,0x85,0xd7,0xfe,0x08,0x57,0xff,0x00,0x44,0x37,0xff,0x00,0x2e,0x6f,0x13,
0xff,0x00,0xf2,0xd6,0x80,0x3f,0x7f,0xe8,0xaf,0xc0,0x0f,0xf8,0x85,0xd7,0xfe,0x08,
0x57,0xff,0x00,0x44,0x37,0xff,0x00,0x2e,0x6f,0x13,0xff,0x00,0xf2,0xd6,0x8f,0xf8,
0x85,0xd7,0xfe,0x08,0x57,0xff,0x00,0x44,0x37,0xff,0x00,0x2e,0x6f,0x13,0xff,0x00,
0xf2,0xd6,0x80,0x3f,0x7f,0xe8,0xaf,0xc0,0x0f,0xf8,0x85,0xd7,0xfe,0x08,0x57,0xff,
0x00,0x44,0x37,0xff,0x00,0x2e,0x6f,0x13,0xff,0x00,0xf2,0xd6,0x8f,0xf8,0x85,0xd7,
0xfe,0x08,0x57,0xff,0x00,0x44,0x37,0xff,0x00,0x2e,0x6f,0x13,0xff,0x00,0xf2,0xd6,
0x80,0x3f,0x7f,0xe8,0xaf,0xc0,0x0f,0xf8,0x85,0xd7,0xfe,0x08,0x57,0xff,0x00,0x44,
0x37,0xff,0x00,0x2e,0x6f,0x13,0xff,0x00,0xf2,0xd6,0x8f,0xf8,0x85,0xd7,0xfe,0x08,
0x57,0xff,0x00,0x44,0x37,0xff,0x00,0x2e,0x6f,0x13,0xff,0x00,0xf2,0xd6,0x80,0x3f,
0x7f,0xe8,0xaf,0xc0,0x0f,0xf8,0x85,0xd7,0xfe,0x08,0x57,0xff,0x00,0x44,0x37,0xff,
0x00,0x2e,0x6f,0x13,0xff,0x00,0xf2,0xd6,0x8f,0xf8,0x85,0xd7,0xfe,0x08,0x57,0xff,
0x00,0x44,0x37,0xff,0x00,0x2e,0x6f,0x13,0xff,0x00,0xf2,0xd6,0x80,0x3f,0x7f,0xe8,
0xaf,0xc0,0x0f,0xf8,0x85,0xd7,0xfe,0x08,0x57,0xff,0x00,0x44,0x37,0xff,0x00,0x2e,
0x6f,0x13,0xff,0x00,0xf2,0xd6,0x8f,0xf8,0x85,0xd7,0xfe,0x08,0x57,0xff,0x00,0x44,
0x37,0xff,0x00,0x2e,0x6f,0x13,0xff,0x00,0xf2,0xd6,0x80,0x3f,0x7f,0xe8,0xaf,0xc0,
0x0f,0xf8,0x85,0xd7,0xfe,0x08,0x57,0xff,0x00,0x44,0x37,0xff,0x00,0x2e,0x6f,0x13,
0xff,0x00,0xf2,0xd6,0x8f,0xf8,0x85,0xd7,0xfe,0x08,0x57,0xff,0x00,0x44,0x37,0xff,
0x00,0x2e,0x6f,0x13,0xff,0x00,0xf2,0xd6,0x80,0x3f,0x7f,0xeb,0xf3,0xff,0x00,0xfe,
0x0a,0xc3,0xff,0x00,0x28,0xb4,0xfd,0xa5,0x7f,0xec,0x95,0x78,0xcb,0xff,0x00,0x4c,
0x97,0x75,0xf0,0x07,0xfc,0x42,0xeb,0xff,0x00,0x04,0x2b,0xff,0x00,0xa2,0x1b,0xff,
0x00,0x97,0x37,0x89,0xff,0x00,0xf9,0x6b,0x47,0xfc,0x42,0xeb,0xff,0x00,0x04,0x2b,
0xff,0x00,0xa2,0x1b,0xff,0x00,0x97,0x37,0x89,0xff,0x00,0xf9,0x6b,0x40,0x1f,0x7f,
0xff,0x00,0xc1,0x28,0x3f,0xe5,0x16,0x9f,0xb3,0x4f,0xfd,0x92,0xaf,0x06,0xff,0x00,
0xe9,0x92,0xce,0xbf,0x40,0x2b,0xf0,0x03,0xfe,0x21,0x75,0xff,0x00,0x82,0x15,0xff,
0x00,0xd1,0x0d,0xff,0x00,0xcb,0x9b,0xc4,0xff,0x00,0xfc,0xb5,0xa3,0xfe,0x21,0x75,
0xff,0x00,0x82,0x15,0xff,0x00,0xd1,0x0d,0xff,0x00,0xcb,0x9b,0xc4,0xff,0x00,0xfc,
0xb5,0xa0,0x0f,0xdf,0xfa,0x2b,0xf0,0x03,0xfe,0x21,0x75,0xff,0x00,0x82,0x15,0xff,
0x00,0xd1,0x0d,0xff,0x00,0xcb,0x9b,0xc4,0xff,0x00,0xfc,0xb5,0xa3,0xfe,0x21,0x75,
0xff,0x00,0x82,0x15,0xff,0x00,0xd1,0x0d,0xff,0x00,0xcb,0x9b,0xc4,0xff,0x00,0xfc,
0xb5,0xa0,0x0f,0xdf,0xfa,0x2b,0xf0,0x03,0xfe,0x21,0x75,0xff,0x00,0x82,0x15,0xff,
0x00,0xd1,0x0d,0xff,0x00,0xcb,0x9b,0xc4,0xff,0x00,0xfc,0xb5,0xa3,0xfe,0x21,0x75,
0xff,0x00,0x82,0x15,0xff,0x00,0xd1,0x0d,0xff,0x00,0xcb,0x9b,0xc4,0xff,0x00,0xfc,
0xb5,0xa0,0x0f,0xdf,0xfa,0x2b,0xf0,0x03,0xfe,0x21,0x75,0xff,0x00,0x82,0x15,0xff,
0x00,0xd1,0x0d,0xff,0x00,0xcb,0x9b,0xc4,0xff,0x00,0xfc,0xb5,0xa3,0xfe,0x21,0x75,
0xff,0x00,0x82,0x15,0xff,0x00,0xd1,0x0d,0xff,0x00,0xcb,0x9b,0xc4,0xff,0x00,0xfc,
0xb5,0xa0,0x0f,0xdf,0xfa,0x2b,0xf0,0x03,0xfe,0x21,0x75,0xff,0x00,0x82,0x15,0xff,
0x00,0xd1,0x0d,0xff,0x00,0xcb,0x9b,0xc4,0xff,0x00,0xfc,0xb5,0xa3,0xfe,0x21,0x75,
0xff,0x00,0x82,0x15,0xff,0x00,0xd1,0x0d,0xff,0x00,0xcb,0x9b,0xc4,0xff,0x00,0xfc,
0xb5,0xa0,0x0f,0xdf,0xfa,0x2b,0xf0,0x03,0xfe,0x21,0x75,0xff,0x00,0x82,0x15,0xff,
0x00,0xd1,0x0d,0xff,0x00,0xcb,0x9b,0xc4,0xff,0x00,0xfc,0xb5,0xa3,0xfe,0x21,0x75,
0xff,0x00,0x82,0x15,0xff,0x00,0xd1,0x0d,0xff,0x00,0xcb,0x9b,0xc4,0xff,0x00,0xfc,
0xb5,0xa0,0x0f,0xdf,0xfa,0x2b,0xf0,0x03,0xfe,0x21,0x75,0xff,0x00,0x82,0x15,0xff,
0x00,0xd1,0x0d,0xff,0x00,0xcb,0x9b,0xc4,0xff,0x00,0xfc,0xb5,0xa3,0xfe,0x21,0x75,
0xff,0x00,0x82,0x15,0xff,0x00,0xd1,0x0d,0xff,0x00,0xcb,0x9b,0xc4,0xff,0x00,0xfc,
0xb5,0xa0,0x0f,0xdf,0xfa,0x2b,0xf0,0x03,0xfe,0x21,0x75,0xff,0x00,0x82,0x15,0xff,
0x00,0xd1,0x0d,0xff,0x00,0xcb,0x9b,0xc4,0xff,0x00,0xfc,0xb5,0xa3,0xfe,0x21,0x75,
0xff,0x00,0x82,0x15,0xff,0x00,0xd1,0x0d,0xff,0x00,0xcb,0x9b,0xc4,0xff,0x00,0xfc,
0xb5,0xa0,0x0f,0xdf,0xfa,0x2b,0xf0,0x03,0xfe,0x21,0x75,0xff,0x00,0x82,0x15,0xff,
0x00,0xd1,0x0d,0xff,0x00,0xcb,0x9b,0xc4,0xff,0x00,0xfc,0xb5,0xa3,0xfe,0x21,0x75,
0xff,0x00,0x82,0x15,0xff,0x00,0xd1,0x0d,0xff,0x00,0xcb,0x9b,0xc4,0xff,0x00,0xfc,
0xb5,0xa0,0x0f,0xdf,0xfa,0x2b,0xf0,0x03,0xfe,0x21,0x75,0xff,0x00,0x82,0x15,0xff,
0x00,0xd1,0x0d,0xff,0x00,0xcb,0x9b,0xc4,0xff,0x00,0xfc,0xb5,0xa3,0xfe,0x21,0x75,
0xff,0x00,0x82,0x15,0xff,0x00,0xd1,0x0d,0xff,0x00,0xcb,0x9b,0xc4,0xff,0x00,0xfc,
0xb5,0xa0,0x0f,0xdf,0xfa,0x2b,0xf0,0x03,0xfe,0x21,0x75,0xff,0x00,0x82,0x15,0xff,
0x00,0xd1,0x0d,0xff,0x00,0xcb,0x9b,0xc4,0xff,0x00,0xfc,0xb5,0xa3,0xfe,0x21,0x75,
0xff,0x00,0x82,0x15,0xff,0x00,0xd1,0x0d,0xff,0x00,0xcb,0x9b,0xc4,0xff,0x00,0xfc,
0xb5,0xa0,0x0f,0xdf,0xfa,0x2b,0xf0,0x03,0xfe,0x21,0x75,0xff,0x00,0x82,0x15,0xff,
0x00,0xd1,0x0d,0xff,0x00,0xcb,0x9b,0xc4,0xff,0x00,0xfc,0xb5,0xa3,0xfe,0x21,0x75,
0xff,0x00,0x82,0x15,0xff,0x00,0xd1,0x0d,0xff,0x00,0xcb,0x9b,0xc4,0xff,0x00,0xfc,
0xb5,0xa0,0x0f,0xdf,0xfa,0x2b,0xf0,0x03,0xfe,0x21,0x75,0xff,0x00,0x82,0x15,0xff,
0x00,0xd1,0x0d,0xff,0x00,0xcb,0x9b,0xc4,0xff,0x00,0xfc,0xb5,0xa3,0xfe,0x21,0x75,
0xff,0x00,0x82,0x15,0xff,0x00,0xd1,0x0d,0xff,0x00,0xcb,0x9b,0xc4,0xff,0x00,0xfc,
0xb5,0xa0,0x0f,0xdf,0xfa,0x2b,0xf0,0x03,0xfe,0x21,0x75,0xff,0x00,0x82,0x15,0xff,
0x00,0xd1,0x0d,0xff,0x00,0xcb,0x9b,0xc4,0xff,0x00,0xfc,0xb5,0xa3,0xfe,0x21,0x75,
0xff,0x00,0x82,0x15,0xff,0x00,0xd1,0x0d,0xff,0x00,0xcb,0x9b,0xc4,0xff,0x00,0xfc,
0xb5,0xa0,0x0f,0xdf,0xfa,0x2b,0xf0,0x03,0xfe,0x21,0x75,0xff,0x00,0x82,0x15,0xff,
0x00,0xd1,0x0d,0xff,0x00,0xcb,0x9b,0xc4,0xff,0x00,0xfc,0xb5,0xa3,0xfe,0x21,0x75,
0xff,0x00,0x82,0x15,0xff,0x00,0xd1,0x0d,0xff,0x00,0xcb,0x9b,0xc4,0xff,0x00,0xfc,
0xb5,0xa0,0x0f,0xdf,0xfa,0x2b,0xf0,0x03,0xfe,0x21,0x75,0xff,0x00,0x82,0x15,0xff,
0x00,0xd1,0x0d,0xff,0x00,0xcb,0x9b,0xc4,0xff,0x00,0xfc,0xb5,0xa3,0xfe,0x21,0x75,
0xff,0x00,0x82,0x15,0xff,0x00,0xd1,0x0d,0xff,0x00,0xcb,0x9b,0xc4,0xff,0x00,0xfc,
0xb5,0xa0,0x0f,0xdf,0xfa,0x2b,0xf0,0x03,0xfe,0x21,0x75,0xff,0x00,0x82,0x15,0xff,
0x00,0xd1,0x0d,0xff,0x00,0xcb,0x9b,0xc4,0xff,0x00,0xfc,0xb5,0xa3,0xfe,0x21,0x75,
0xff,0x00,0x82,0x15,0xff,0x00,0xd1,0x0d,0xff,0x00,0xcb,0x9b,0xc4,0xff,0x00,0xfc,
0xb5,0xa0,0x0f,0xdf,0xfa,0x2b,0xf0,0x03,0xfe,0x21,0x75,0xff,0x00,0x82,0x15,0xff,
0x00,0xd1,0x0d,0xff,0x00,0xcb,0x9b,0xc4,0xff,0x00,0xfc,0xb5,0xa3,0xfe,0x21,0x75,
0xff,0x00,0x82,0x15,0xff,0x00,0xd1,0x0d,0xff,0x00,0xcb,0x9b,0xc4,0xff,0x00,0xfc,
0xb5,0xa0,0x0f,0xdf,0xfa,0x2b,0xf0,0x03,0xfe,0x21,0x75,0xff,0x00,0x82,0x15,0xff,
0x00,0xd1,0x0d,0xff,0x00,0xcb,0x9b,0xc4,0xff,0x00,0xfc,0xb5,0xa3,0xfe,0x21,0x75,
0xff,0x00,0x82,0x15,0xff,0x00,0xd1,0x0d,0xff,0x00,0xcb,0x9b,0xc4,0xff,0x00,0xfc,
0xb5,0xa0,0x07,0x7f,0xc1,0xd1,0x7f,0xf2,0x82,0xbf,0x8e,0x5f,0xf7,0x2c,0xff,0x00,
0xea,0x4f,0xa4,0xd7,0xef,0xed,0x7f,0x10,0x7f,0xf0,0x5e,0x6f,0xf8,0x20,0xcf,0xfc,
0x12,0x87,0xf6,0x2f,0xff,0x00,0x82,0x50,0x7c,0x55,0xfd,0xa5,0x7f,0x66,0xaf,0x85,
0x5f,0xf0,0x8d,0xf8,0xd7,0xc3,0x7f,0xd8,0x5f,0xd9,0xda,0x8f,0xf6,0xe6,0xb9,0x79,
0xe4,0xfd,0xb3,0x5d,0xd3,0xec,0xe7,0xfd,0xc5,0xe6,0xa1,0x3d,0xbb,0xef,0x82,0x79,
0x13,0xe7,0x8d,0xb6,0xee,0xca,0xe1,0x80,0x23,0xfb,0x7c,0xa0,0x02,0x8a,0x28,0xa0,
0x0f,0xff,0xd6,0xfe,0xfe,0x2b,0xf3,0xff,0x00,0xfe,0x0a,0xc3,0xff,0x00,0x28,0xb4,
0xfd,0xa5,0x7f,0xec,0x95,0x78,0xcb,0xff,0x00,0x4c,0x97,0x75,0xfa,0x01,0x5f,0x9f,
0xff,0x00,0xf0,0x56,0x1f,0xf9,0x45,0xa7,0xed,0x2b,0xff,0x00,0x64,0xab,0xc6,0x5f,
0xfa,0x64,0xbb,0xa0,0x03,0xfe,0x09,0x41,0xff,0x00,0x28,0xb4,0xfd,0x9a,0x7f,0xec,
0x95,0x78,0x37,0xff,0x00,0x4c,0x96,0x75,0xfa,0x01,0x5f,0x9f,0xff,0x00,0xf0,0x4a,
0x0f,0xf9,0x45,0xa7,0xec,0xd3,0xff,0x00,0x64,0xab,0xc1,0xbf,0xfa,0x64,0xb3,0xaf,
0xd0,0x0a,0x00,0x28,0xa2,0x8a,0x00,0x28,0xa2,0x8a,0x00,0x28,0xa2,0x8a,0x00,0x28,
0xa2,0x8a,0x00,0x28,0xa2,0x8a,0x00,0x28,0xa2,0x8a,0x00,0x28,0xa2,0x8a,0x00,0x28,
0xa2,0x8a,0x00,0x28,0xa2,0x8a,0x00,0x28,0xa2,0x8a,0x00,0x28,0xa2,0x8a,0x00,0x28,
0xa2,0x8a,0x00,0x28,0xa2,0x8a,0x00,0x28,0xa2,0x8a,0x00,0x28,0xa2,0x8a,0x00,0x28,
0xa2,0x8a,0x00,0x28,0xa2,0x8a,0x00,0x28,0xa2,0x8a,0x00,0x28,0xa2,0x8a,0x00,0x28,
0xa2,0x8a,0x00,0x28,0xa2,0x8a,0x00,0x28,0xa2,0x8a,0x00,0x28,0xa2,0x8a,0x00,0x28,
0xa2,0x8a,0x00,0x28,0xa2,0x8a,0x00,0x28,0xa2,0x8a,0x00,0x28,0xa2,0x8a,0x00,0x28,
0xa2,0x8a,0x00,0x28,0xa2,0x8a,0x00,0x28,0xa2,0x8a,0x00,0x28,0xa2,0x8a,0x00,0xfc,
0x02,0xff,0x00,0x83,0xa2,0xff,0x00,0xe5,0x05,0x7f,0x1c,0xbf,0xee,0x59,0xff,0x00,
0xd4,0x9f,0x49,0xaf,0xdf,0xda,0xfc,0x02,0xff,0x00,0x83,0xa2,0xff,0x00,0xe5,0x05,
0x7f,0x1c,0xbf,0xee,0x59,0xff,0x00,0xd4,0x9f,0x49,0xaf,0xdf,0xda,0x00,0x28,0xa2,
0x8a,0x00,0xff,0xd7,0xfe,0xfe,0x2b,0xf3,0xff,0x00,0xfe,0x0a,0xc3,0xff,0x00,0x28,
0xb4,0xfd,0xa5,0x7f,0xec,0x95,0x78,0xcb,0xff,0x00,0x4c,0x97,0x75,0xfa,0x01,0x5f,
0x9f,0xff,0x00,0xf0,0x56,0x1f,0xf9,0x45,0xa7,0xed,0x2b,0xff,0x00,0x64,0xab,0xc6,
0x5f,0xfa,0x64,0xbb,0xa0,0x03,0xfe,0x09,0x41,0xff,0x00,0x28,0xb4,0xfd,0x9a,0x7f,
0xec,0x95,0x78,0x37,0xff,0x00,0x4c,0x96,0x75,0xfa,0x01,0x5f,0x9f,0xff,0x00,0xf0,
0x4a,0x0f,0xf9,0x45,0xa7,0xec,0xd3,0xff,0x00,0x64,0xab,0xc1,0xbf,0xfa,0x64,0xb3,
0xaf,0xd0,0x0a,0x00,0x28,0xa2,0x8a,0x00,0x28,0xa2,0x8a,0x00,0x28,0xa2,0x8a,0x00,
0x28,0xa2,0x8a,0x00,0x28,0xa2,0x8a,0x00,0x28,0xa2,0x8a,0x00,0x28,0xa2,0x8a,0x00,
0x28,0xa2,0x8a,0x00,0x28,0xa2,0x8a,0x00,0x28,0xa2,0x8a,0x00,0x28,0xa2,0x8a,0x00,
0x28,0xa2,0x8a,0x00,0x28,0xa2,0x8a,0x00,0x28,0xa2,0x8a,0x00,0x28,0xa2,0x8a,0x00,
0x28,0xa2,0x8a,0x00,0x28,0xa2,0x8a,0x00,0x28,0xa2,0x8a,0x00,0x28,0xa2,0x8a,0x00,
0x28,0xa2,0x8a,0x00,0x28,0xa2,0x8a,0x00,0x28,0xa2,0x8a,0x00,0x28,0xa2,0x8a,0x00,
0x28,0xa2,0x8a,0x00,0x28,0xa2,0x8a,0x00,0x28,0xa2,0x8a,0x00,0x28,0xa2,0x8a,0x00,
0x28,0xa2,0x8a,0x00,0x28,0xa2,0x8a,0x00,0x28,0xa2,0x8a,0x00,0x28,0xa2,0x8a,0x00,
0xfc,0x02,0xff,0x00,0x83,0xa2,0xff,0x00,0xe5,0x05,0x7f,0x1c,0xbf,0xee,0x59,0xff,
0x00,0xd4,0x9f,0x49,0xaf,0xdf,0xda,0xfc,0x02,0xff,0x00,0x83,0xa2,0xff,0x00,0xe5,
0x05,0x7f,0x1c,0xbf,0xee,0x59,0xff,0x00,0xd4,0x9f,0x49,0xaf,0xdf,0xda,0x00,0x28,
0xa2,0x8a,0x00,0xff,0xd0,0xfe,0xfe,0x2b,0xf3,0xff,0x00,0xfe,0x0a,0xc3,0xff,0x00,
0x28,0xb4,0xfd,0xa5,0x7f,0xec,0x95,0x78,0xcb,0xff,0x00,0x4c,0x97,0x75,0xfa,0x01,
0x5f,0x9f,0xff,0x00,0xf0,0x56,0x1f,0xf9,0x45,0xa7,0xed,0x2b,0xff,0x00,0x64,0xab,
0xc6,0x5f,0xfa,0x64,0xbb,0xa0,0x03,0xfe,0x09,0x41,0xff,0x00,0x28,0xb4,0xfd,0x9a,
0x7f,0xec,0x95,0x78,0x37,0xff,0x00,0x4c,0x96,0x75,0xfa,0x01,0x5f,0x9f,0xff,0x00,
0xf0,0x4a,0x0f,0xf9,0x45,0xa7,0xec,0xd3,0xff,0x00,0x64,0xab,0xc1,0xbf,0xfa,0x64,
0xb3,0xaf,0xd0,0x0a,0x00,0x28,0xa2,0x8a,0x00,0x28,0xa2,0x8a,0x00,0x28,0xa2,0x8a,
0x00,0x28,0xa2,0x8a,0x00,0x28,0xa2,0x8a,0x00,0x28,0xa2,0x8a,0x00,0x28,0xa2,0x8a,
0x00,0x28,0xa2,0x8a,0x00,0x28,0xa2,0x8a,0x00,0x28,0xa2,0x8a,0x00,0x28,0xa2,0x8a,
0x00,0x28,0xa2,0x8a,0x00,0x28,0xa2,0x8a,0x00,0x28,0xa2,0x8a,0x00,0x28,0xa2,0x8a,
0x00,0x29,0x06,0x7b,0xd2,0xd1,0x40,0x05,0x14,0x51,0x40,0x05,0x14,0x51,0x40,0x05,
0x14,0x51,0x40,0x05,0x14,0x51,0x40,0x05,0x14,0x51,0x40,0x05,0x14,0x51,0x40,0x05,
0x14,0x51,0x40,0x05,0x14,0x51,0x40,0x05,0x14,0x51,0x40,0x05,0x14,0x51,0x40,0x05,
0x14,0x51,0x40,0x05,0x14,0x51,0x40,0x05,0x14,0x51,0x40,0x05,0x14,0x51,0x40,0x05,
0x14,0x51,0x40,0x1f,0x80,0x5f,0xf0,0x74,0x5f,0xfc,0xa0,0xaf,0xe3,0x97,0xfd,0xcb,
0x3f,0xfa,0x93,0xe9,0x35,0xfb,0xfb,0x5f,0x80,0x5f,0xf0,0x74,0x5f,0xfc,0xa0,0xaf,
0xe3,0x97,0xfd,0xcb,0x3f,0xfa,0x93,0xe9,0x35,0xfb,0xfb,0x40,0x05,0x14,0x51,0x40,
0x1f,0xff,0xd1,0xfe,0xfe,0x2b,0xf3,0xff,0x00,0xfe,0x0a,0xc3,0xff,0x00,0x28,0xb4,
0xfd,0xa5,0x7f,0xec,0x95,0x78,0xcb,0xff,0x00,0x4c,0x97,0x75,0xfa,0x01,0x5f,0x9f,
0xff,0x00,0xf0,0x56,0x1f,0xf9,0x45,0xa7,0xed,0x2b,0xff,0x00,0x64,0xab,0xc6,0x5f,
0xfa,0x64,0xbb,0xa0,0x03,0xfe,0x09,0x41,0xff,0x00,0x28,0xb4,0xfd,0x9a,0x7f,0xec,
0x95,0x78,0x37,0xff,0x00,0x4c,0x96,0x75,0xfa,0x01,0x5f,0x9f,0xff,0x00,0xf0,0x4a,
0x0f,0xf9,0x45,0xa7,0xec,0xd3,0xff,0x00,0x64,0xab,0xc1,0xbf,0xfa,0x64,0xb3,0xaf,
0xd0,0x0a,0x00,0x28,0xa2,0x8a,0x00,0x28,0xa2,0x8a,0x00,0x28,0xa2,0x8a,0x00,0x28,
0xa2,0x8a,0x00,0x28,0xa2,0x8a,0x00,0x28,0xa2,0x8a,0x00,0x28,0xa2,0x8a,0x00,0x28,
0xa2,0x8a,0x00,0x28,0xa2,0x8a,0x00,0x28,0xa2,0x8a,0x00,0x28,0xa2,0x8a,0x00,0x28,
0xa2,0x8a,0x00,0x28,0xa2,0x8a,0x00,0x28,0xa2,0x8a,0x00,0x28,0xa2,0x8a,0x00,0x28,
0xa2,0x8a,0x00,0x28,0xa2,0x8a,0x00,0x28,0xa2,0x8a,0x00,0x28,0xa2,0x8a,0x00,0x28,
0xa2,0x8a,0x00,0x28,0xa2,0x8a,0x00,0x28,0xa2,0x8a,0x00,0x28,0xa2,0x8a,0x00,0x28,
0xa2,0x8a,0x00,0x28,0xa2,0x8a,0x00,0x28,0xa2,0x8a,0x00,0x28,0xa2,0x8a,0x00,0x28,
0xa2,0x8a,0x00,0x28,0xa2,0x8a,0x00,0x28,0xa2,0x8a,0x00,0x28,0xa2,0x8a,0x00,0xfc,
0x02,0xff,0x00,0x83,0xa2,0xff,0x00,0xe5,0x05,0x7f,0x1c,0xbf,0xee,0x59,0xff,0x00,
0xd4,0x9f,0x49,0xaf,0xdf,0xda,0xfc,0x02,0xff,0x00,0x83,0xa2,0xff,0x00,0xe5,0x05,
0x7f,0x1c,0xbf,0xee,0x59,0xff,0x00,0xd4,0x9f,0x49,0xaf,0xdf,0xda,0x00,0x28,0xa2,
0x8a,0x00,0xff,0xd2,0xfe,0xfe,0x2b,0xf3,0xff,0x00,0xfe,0x0a,0xc3,0xff,0x00,0x28,
0xb4,0xfd,0xa5,0x7f,0xec,0x95,0x78,0xcb,0xff,0x00,0x4c,0x97,0x75,0xfa,0x01,0x5f,
0x9f,0xff,0x00,0xf0,0x56,0x1f,0xf9,0x45,0xa7,0xed,0x2b,0xff,0x00,0x64,0xab,0xc6,
0x5f,0xfa,0x64,0xbb,0xa0,0x03,0xfe,0x09,0x41,0xff,0x00,0x28,0xb4,0xfd,0x9a,0x7f,
0xec,0x95,0x78,0x37,0xff,0x00,0x4c,0x96,0x75,0xfa,0x01,0x5f,0x9f,0xff,0x00,0xf0,
0x4a,0x0f,0xf9,0x45,0xa7,0xec,0xd3,0xff,0x00,0x64,0xab,0xc1,0xbf,0xfa,0x64,0xb3,
0xaf,0xd0,0x0a,0x00,0x28,0xa2,0x8a,0x00,0x28,0xa2,0x8a,0x00,0x28,0xa2,0x8a,0x00,
0x28,0xa2,0x8a,0x00,0x28,0xa2,0x8a,0x00,0x28,0xa2,0x8a,0x00,0x28,0xa2,0x8a,0x00,
0x28,0xa2,0x8a,0x00,0x28,0xa2,0x8a,0x00,0x28,0xa2,0x8a,0x00,0x28,0xa2,0x8a,0x00,
0x28,0xa2,0x8a,0x00,0x28,0xa2,0x8a,0x00,0x28,0xa2,0x8a,0x00,0x28,0xa2,0x8a,0x00,
0x28,0xa2,0x8a,0x00,0x28,0xa2,0x8a,0x00,0x28,0xa2,0x8a,0x00,0x28,0xa2,0x8a,0x00,
0x28,0xa2,0x8a,0x00,0x28,0xa2,0x8a,0x00,0x28,0xa2,0x8a,0x00,0x28,0xa2,0x8a,0x00,
0x28,0xa2,0x8a,0x00,0x28,0xa2,0x8a,0x00,0x28,0xa2,0x8a,0x00,0x28,0xa2,0x8a,0x00,
0x28,0xa2,0x8a,0x00,0x28,0xa2,0x8a,0x00,0x28,0xa2,0x8a,0x00,0x28,0xa2,0x8a,0x00,
0xfc,0x02,0xff,0x00,0x83,0xa2,0xff,0x00,0xe5,0x05,0x7f,0x1c,0xbf,0xee,0x59,0xff,
0x00,0xd4,0x9f,0x49,0xaf,0xdf,0xda,0xfc,0x02,0xff,0x00,0x83,0xa2,0xff,0x00,0xe5,
0x05,0x7f,0x1c,0xbf,0xee,0x59,0xff,0x00,0xd4,0x9f,0x49,0xaf,0xdf,0xda,0x00,0x28,
0xa2,0x8a,0x00,0xff,0xd3,0xfe,0xfe,0x2b,0xf3,0xff,0x00,0xfe,0x0a,0xc3,0xff,0x00,
0x28,0xb4,0xfd,0xa5,0x7f,0xec,0x95,0x78,0xcb,0xff,0x00,0x4c,0x97,0x75,0xfa,0x01,
0x5f,0x9f,0xff,0x00,0xf0,0x56,0x1f,0xf9,0x45,0xa7,0xed,0x2b,0xff,0x00,0x64,0xab,
0xc6,0x5f,0xfa,0x64,0xbb,0xa0,0x03,0xfe,0x09,0x41,0xff,0x00,0x28,0xb4,0xfd,0x9a,
0x7f,0xec,0x95,0x78,0x37,0xff,0x00,0x4c,0x96,0x75,0xfa,0x01,0x5f,0x9f,0xff,0x00,
0xf0,0x4a,0x0f,0xf9,0x45,0xa7,0xec,0xd3,0xff,0x00,0x64,0xab,0xc1,0xbf,0xfa,0x64,
0xb3,0xaf,0xd0,0x0a,0x00,0x28,0xa2,0x8a,0x00,0x28,0xa2,0x8a,0x00,0x28,0xa2,0x8a,
0x00,0x28,0xa2,0x8a,0x00,0x28,0xa2,0x8a,0x00,0x28,0xa2,0x8a,0x00,0x28,0xa2,0x8a,
0x00,0x28,0xa2,0x8a,0x00,0x28,0xa2,0x8a,0x00,0x28,0xa2,0x8a,0x00,0x28,0xa2,0x8a,
0x00,0x28,0xa2,0x8a,0x00,0x28,0xa2,0x8a,0x00,0x28,0xa2,0x8a,0x00,0x28,0xa2,0x8a,
0x00,0x28,0xa2,0x8a,0x00,0x28,0xa2,0x8a,0x00,0x28,0xa2,0x8a,0x00,0x28,0xa2,0x8a,
0x00,0x28,0xa2,0x8a,0x00,0x28,0xa2,0x8a,0x00,0x28,0xa2,0x8a,0x00,0x28,0xa2,0x8a,
0x00,0x28,0xa2,0x8a,0x00,0x28,0xa2,0x8a,0x00,0x28,0xa2,0x8a,0x00,0x28,0xa2,0x8a,
0x00,0x28,0xa2,0x8a,0x00,0x28,0xa2,0x8a,0x00,0x28,0xa2,0x8a,0x00,0x28,0xa2,0x8a,
0x00,0xfc,0x02,0xff,0x00,0x83,0xa2,0xff,0x00,0xe5,0x05,0x7f,0x1c,0xbf,0xee,0x59,
0xff,0x00,0xd4,0x9f,0x49,0xaf,0xdf,0xda,0xfc,0x02,0xff,0x00,0x83,0xa2,0xff,0x00,
0xe5,0x05,0x7f,0x1c,0xbf,0xee,0x59,0xff,0x00,0xd4,0x9f,0x49,0xaf,0xdf,0xda,0x00,
0x28,0xa2,0x8a,0x00,0xff,0xd4,0xfe,0xfe,0x2b,0xf3,0xff,0x00,0xfe,0x0a,0xc3,0xff,
0x00,0x28,0xb4,0xfd,0xa5,0x7f,0xec,0x95,0x78,0xcb,0xff,0x00,0x4c,0x97,0x75,0xfa,
0x01,0x5f,0x9f,0xff,0x00,0xf0,0x56,0x1f,0xf9,0x45,0xa7,0xed,0x2b,0xff,0x00,0x64,
0xab,0xc6,0x5f,0xfa,0x64,0xbb,0xa0,0x03,0xfe,0x09,0x41,0xff,0x00,0x28,0xb4,0xfd,
0x9a,0x7f,0xec,0x95,0x78,0x37,0xff,0x00,0x4c,0x96,0x75,0xfa,0x01,0x5f,0x9f,0xff,
0x00,0xf0,0x4a,0x0f,0xf9,0x45,0xa7,0xec,0xd3,0xff,0x00,0x64,0xab,0xc1,0xbf,0xfa,
0x64,0xb3,0xaf,0xd0,0x0a,0x00,0x28,0xa2,0x8a,0x00,0x28,0xa2,0x8a,0x00,0x28,0xa2,
0x8a,0x00,0x28,0xa2,0x8a,0x00,0x28,0xa2,0x8a,0x00,0x28,0xa2,0x8a,0x00,0x28,0xa2,
0x8a,0x00,0x28,0xa2,0x8a,0x00,0x28,0xa2,0x8a,0x00,0x28,0xa2,0x8a,0x00,0x28,0xa2,
0x8a,0x00,0x28,0xa2,0x8a,0x00,0x28,0xa2,0x8a,0x00,0x28,0xa2,0x8a,0x00,0x28,0xa2,
0x8a,0x00,0x28,0xa2,0x8a,0x00,0x28,0xa2,0x8a,0x00,0x28,0xa2,0x8a,0x00,0x28,0xa2,
0x8a,0x00,0x28,0xa2,0x8a,0x00,0x28,0xa2,0x8a,0x00,0x28,0xa2,0x8a,0x00,0x28,0xa2,
0x8a,0x00,0x28,0xa2,0x8a,0x00,0x28,0xa2,0x8a,0x00,0x28,0xa2,0x8a,0x00,0x28,0xa2,
0x8a,0x00,0x28,0xa2,0x8a,0x00,0x28,0xa2,0x8a,0x00,0x28,0xa2,0x8a,0x00,0x28,0xa2,
0x8a,0x00,0xfc,0x02,0xff,0x00,0x83,0xa2,0xff,0x00,0xe5,0x05,0x7f,0x1c,0xbf,0xee,
0x59,0xff,0x00,0xd4,0x9f,0x49,0xaf,0xdf,0xda,0xfc,0x02,0xff,0x00,0x83,0xa2,0xff,
0x00,0xe5,0x05,0x7f,0x1c,0xbf,0xee,0x59,0xff,0x00,0xd4,0x9f,0x49,0xaf,0xdf,0xda,
0x00,0x28,0xa2,0x8a,0x00,0xff,0xd5,0xfe,0xfe,0x2b,0xf3,0xff,0x00,0xfe,0x0a,0xc3,
0xff,0x00,0x28,0xb4,0xfd,0xa5,0x7f,0xec,0x95,0x78,0xcb,0xff,0x00,0x4c,0x97,0x75,
0xfa,0x01,0x5f,0x9f,0xff,0x00,0xf0,0x56,0x1f,0xf9,0x45,0xa7,0xed,0x2b,0xff,0x00,
0x64,0xab,0xc6,0x5f,0xfa,0x64,0xbb,0xa0,0x03,0xfe,0x09,0x41,0xff,0x00,0x28,0xb4,
0xfd,0x9a,0x7f,0xec,0x95,0x78,0x37,0xff,0x00,0x4c,0x96,0x75,0xfa,0x01,0x5f,0x9f,
0xff,0x00,0xf0,0x4a,0x0f,0xf9,0x45,0xa7,0xec,0xd3,0xff,0x00,0x64,0xab,0xc1,0xbf,
0xfa,0x64,0xb3,0xaf,0xd0,0x0a,0x00,0x28,0xa2,0x8a,0x00,0x28,0xa2,0x8a,0x00,0x28,
0xa2,0x8a,0x00,0x28,0xa2,0x8a,0x00,0x28,0xa2,0x8a,0x00,0x28,0xa2,0x8a,0x00,0x28,
0xa2,0x8a,0x00,0x28,0xa2,0x8a,0x00,0x28,0xa2,0x8a,0x00,0x28,0xa2,0x8a,0x00,0x28,
0xa2,0x8a,0x00,0x28,0xa2,0x8a,0x00,0x28,0xa2,0x8a,0x00,0x28,0xa2,0x8a,0x00,0x28,
0xa2,0x8a,0x00,0x28,0xa2,0x8a,0x00,0x28,0xa2,0x8a,0x00,0x28,0xa2,0x8a,0x00,0x28,
0xa2,0x8a,0x00,0x28,0xa2,0x8a,0x00,0x28,0xa2,0x8a,0x00,0x28,0xa2,0x8a,0x00,0x28,
0xa2,0x8a,0x00,0x28,0xa2,0x8a,0x00,0x28,0xa2,0x8a,0x00,0x28,0xa2,0x8a,0x00,0x28,
0xa2,0x8a,0x00,0x28,0xa2,0x8a,0x00,0x28,0xa2,0x8a,0x00,0x28,0xa2,0x8a,0x00,0x28,
0xa2,0x8a,0x00,0xfc,0x02,0xff,0x00,0x83,0xa2,0xff,0x00,0xe5,0x05,0x7f,0x1c,0xbf,
0xee,0x59,0xff,0x00,0xd4,0x9f,0x49,0xaf,0xdf,0xda,0xfc,0x02,0xff,0x00,0x83,0xa2,
0xff,0x00,0xe5,0x05,0x7f,0x1c,0xbf,0xee,0x59,0xff,0x00,0xd4,0x9f,0x49,0xaf,0xdf,
0xda,0x00,0x28,0xa2,0x8a,0x00,0xff,0xd6,0xfe,0xfe,0x2b,0xf3,0xff,0x00,0xfe,0x0a,
0xc3,0xff,0x00,0x28,0xb4,0xfd,0xa5,0x7f,0xec,0x95,0x78,0xcb,0xff,0x00,0x4c,0x97,
0x75,0xfa,0x01,0x5f,0x9f,0xff,0x00,0xf0,0x56,0x1f,0xf9,0x45,0xa7,0xed,0x2b,0xff,
0x00,0x64,0xab,0xc6,0x5f,0xfa,0x64,0xbb,0xa0,0x03,0xfe,0x09,0x41,0xff,0x00,0x28,
0xb4,0xfd,0x9a,0x7f,0xec,0x95,0x78,0x37,0xff,0x00,0x4c,0x96,0x75,0xfa,0x01,0x5f,
0x9f,0xff,0x00,0xf0,0x4a,0x0f,0xf9,0x45,0xa7,0xec,0xd3,0xff,0x00,0x64,0xab,0xc1,
0xbf,0xfa,0x64,0xb3,0xaf,0xd0,0x0a,0x00,0x28,0xa2,0x8a,0x00,0x28,0xa2,0x8a,0x00,
0x28,0xa2,0x8a,0x00,0x28,0xa2,0x8a,0x00,0x28,0xa2,0x8a,0x00,0x28,0xa2,0x8a,0x00,
0x28,0xa2,0x8a,0x00,0x28,0xa2,0x8a,0x00,0x28,0xa2,0x8a,0x00,0x28,0xa2,0x8a,0x00,
0x28,0xa2,0x8a,0x00,0x28,0xa2,0x8a,0x00,0x28,0xa2,0x8a,0x00,0x28,0xa2,0x8a,0x00,
0x28,0xa2,0x8a,0x00,0x28,0xa2,0x8a,0x00,0x28,0xa2,0x8a,0x00,0x28,0xa2,0x8a,0x00,
0x28,0xa2,0x8a,0x00,0x28,0xa2,0x8a,0x00,0x28,0xa2,0x8a,0x00,0x28,0xa2,0x8a,0x00,
0x28,0xa2,0x8a,0x00,0x28,0xa2,0x8a,0x00,0x28,0xa2,0x8a,0x00,0x28,0xa2,0x8a,0x00,
0x28,0xa2,0x8a,0x00,0x28,0xa2,0x8a,0x00,0x28,0xa2,0x8a,0x00,0x28,0xa2,0x8a,0x00,
0x28,0xa2,0x8a,0x00,0xfc,0x02,0xff,0x00,0x83,0xa2,0xff,0x00,0xe5,0x05,0x7f,0x1c,
0xbf,0xee,0x59,0xff,0x00,0xd4,0x9f,0x49,0xaf,0xdf,0xda,0xfc,0x02,0xff,0x00,0x83,
0xa2,0xff,0x00,0xe5,0x05,0x7f,0x1c,0xbf,0xee,0x59,0xff,0x00,0xd4,0x9f,0x49,0xaf,
0xdf,0xda,0x00,0x28,0xa2,0x8a,0x00,0xff,0xd7,0xfe,0xfe,0x2b,0xf3,0xff,0x00,0xfe,
0x0a,0xc3,0xff,0x00,0x28,0xb4,0xfd,0xa5,0x7f,0xec,0x95,0x78,0xcb,0xff,0x00,0x4c,
0x97,0x75,0xfa,0x01,0x5f,0x9f,0xff,0x00,0xf0,0x56,0x1f,0xf9,0x45,0xa7,0xed,0x2b,
0xff,0x00,0x64,0xab,0xc6,0x5f,0xfa,0x64,0xbb,0xa0,0x03,0xfe,0x09,0x41,0xff,0x00,
0x28,0xb4,0xfd,0x9a,0x7f,0xec,0x95,0x78,0x37,0xff,0x00,0x4c,0x96,0x75,0xfa,0x01,
0x5f,0x9f,0xff,0x00,0xf0,0x4a,0x0f,0xf9,0x45,0xa7,0xec,0xd3,0xff,0x00,0x64,0xab,
0xc1,0xbf,0xfa,0x64,0xb3,0xaf,0xd0,0x0a,0x00,0x28,0xa2,0x8a,0x00,0x28,0xa2,0x8a,
0x00,0x28,0xa2,0x8a,0x00,0x28,0xa2,0x8a,0x00,0x28,0xa2,0x8a,0x00,0x28,0xa2,0x8a,
0x00,0x28,0xa2,0x8a,0x00,0x28,0xa2,0x8a,0x00,0x28,0xa2,0x8a,0x00,0x28,0xa2,0x8a,
0x00,0x28,0xa2,0x8a,0x00,0x28,0xa2,0x8a,0x00,0x28,0xa2,0x8a,0x00,0x28,0xa2,0x8a,
0x00,0x28,0xa2,0x8a,0x00,0x28,0xa2,0x8a,0x00,0x28,0xa2,0x8a,0x00,0x28,0xa2,0x8a,
0x00,0x28,0xa2,0x8a,0x00,0x28,0xa2,0x8a,0x00,0x28,0xa2,0x8a,0x00,0x28,0xa2,0x8a,
0x00,0x28,0xa2,0x8a,0x00,0x28,0xa2,0x8a,0x00,0x28,0xa2,0x8a,0x00,0x28,0xa2,0x8a,
0x00,0x28,0xa2,0x8a,0x00,0x28,0xa2,0x8a,0x00,0x28,0xa2,0x8a,0x00,0x28,0xa2,0x8a,
0x00,0x28,0xa2,0x8a,0x00,0xfc,0x02,0xff,0x00,0x83,0xa2,0xff,0x00,0xe5,0x05,0x7f,
0x1c,0xbf,0xee,0x59,0xff,0x00,0xd4,0x9f,0x49,0xaf,0xdf,0xda,0xfc,0x02,0xff,0x00,
0x83,0xa2,0xff,0x00,0xe5,0x05,0x7f,0x1c,0xbf,0xee,0x59,0xff,0x00,0xd4,0x9f,0x49,
0xaf,0xdf,0xda,0x00,0x28,0xa2,0x8a,0x00,0xff,0xd0,0xfe,0xfe,0x2b,0xf3,0xff,0x00,
0xfe,0x0a,0xc3,0xff,0x00,0x28,0xb4,0xfd,0xa5,0x7f,0xec,0x95,0x78,0xcb,0xff,0x00,
0x4c,0x97,0x75,0xfa,0x01,0x5f,0x9f,0xff,0x00,0xf0,0x56,0x1f,0xf9,0x45,0xa7,0xed,
0x2b,0xff,0x00,0x64,0xab,0xc6,0x5f,0xfa,0x64,0xbb,0xa0,0x03,0xfe,0x09,0x41,0xff,
0x00,0x28,0xb4,0xfd,0x9a,0x7f,0xec,0x95,0x78,0x37,0xff,0x00,0x4c,0x96,0x75,0xfa,
0x01,0x5f,0x9f,0xff,0x00,0xf0,0x4a,0x0f,0xf9,0x45,0xa7,0xec,0xd3,0xff,0x00,0x64,
0xab,0xc1,0xbf,0xfa,0x64,0xb3,0xaf,0xd0,0x0a,0x00,0x28,0xa2,0x8a,0x00,0x28,0xa2,
0x8a,0x00,0x28,0xa2,0x8a,0x00,0x28,0xa2,0x8a,0x00,0x28,0xa2,0x8a,0x00,0x28,0xa2,
0x8a,0x00,0x28,0xa2,0x8a,0x00,0x28,0xa2,0x8a,0x00,0x28,0xa2,0x8a,0x00,0x28,0xa2,
0x8a,0x00,0x28,0xa2,0x8a,0x00,0x28,0xa2,0x8a,0x00,0x28,0xa2,0x8a,0x00,0x28,0xa2,
0x8a,0x00,0x28,0xa2,0x8a,0x00,0x28,0xa2,0x8a,0x00,0x28,0xa2,0x8a,0x00,0x28,0xa2,
0x8a,0x00,0x28,0xa2,0x8a,0x00,0x28,0xa2,0x8a,0x00,0x28,0xa2,0x8a,0x00,0x28,0xa2,
0x8a,0x00,0x28,0xa2,0x8a,0x00,0x28,0xa2,0x8a,0x00,0x28,0xa2,0x8a,0x00,0x28,0xa2,
0x8a,0x00,0x28,0xa2,0x8a,0x00,0x28,0xa2,0x8a,0x00,0x28,0xa2,0x8a,0x00,0x28,0xa2,
0x8a,0x00,0x28,0xa2,0x8a,0x00,0xfc,0x02,0xff,0x00,0x83,0xa2,0xff,0x00,0xe5,0x05,
0x7f,0x1c,0xbf,0xee,0x59,0xff,0x00,0xd4,0x9f,0x49,0xaf,0xdf,0xda,0xfc,0x02,0xff,
0x00,0x83,0xa2,0xff,0x00,0xe5,0x05,0x7f,0x1c,0xbf,0xee,0x59,0xff,0x00,0xd4,0x9f,
0x49,0xaf,0xdf,0xda,0x00,0x28,0xa2,0x8a,0x00,0xff,0xd1,0xfe,0xfe,0x2b,0xf3,0xff,
0x00,0xfe,0x0a,0xc3,0xff,0x00,0x28,0xb4,0xfd,0xa5,0x7f,0xec,0x95,0x78,0xcb,0xff,
0x00,0x4c,0x97,0x75,0xfa,0x01,0x5f,0x9f,0xff,0x00,0xf0,0x56,0x1f,0xf9,0x45,0xa7,
0xed,0x2b,0xff,0x00,0x64,0xab,0xc6,0x5f,0xfa,0x64,0xbb,0xa0,0x03,0xfe,0x09,0x41,
0xff,0x00,0x28,0xb4,0xfd,0x9a,0x7f,0xec,0x95,0x78,0x37,0xff,0x00,0x4c,0x96,0x75,
0xfa,0x01,0x5f,0x9f,0xff,0x00,0xf0,0x4a,0x0f,0xf9,0x45,0xa7,0xec,0xd3,0xff,0x00,
0x64,0xab,0xc1,0xbf,0xfa,0x64,0xb3,0xaf,0xd0,0x0a,0x00,0x28,0xa2,0x8a,0x00,0x28,
0xa2,0x8a,0x00,0x28,0xa2,0x8a,0x00,0x28,0xa2,0x8a,0x00,0x28,0xa2,0x8a,0x00,0x28,
0xa2,0x8a,0x00,0x28,0xa2,0x8a,0x00,0x28,0xa2,0x8a,0x00,0x28,0xa2,0x8a,0x00,0x28,
0xa2,0x8a,0x00,0x28,0xa2,0x8a,0x00,0x28,0xa2,0x8a,0x00,0x28,0xa2,0x8a,0x00,0x28,
0xa2,0x8a,0x00,0x28,0xa2,0x8a,0x00,0x28,0xa2,0x8a,0x00,0x28,0xa2,0x8a,0x00,0x28,
0xa2,0x8a,0x00,0x28,0xa2,0x8a,0x00,0x28,0xa2,0x8a,0x00,0x28,0xa2,0x8a,0x00,0x28,
0xa2,0x8a,0x00,0x28,0xa2,0x8a,0x00,0x28,0xa2,0x8a,0x00,0x28,0xa2,0x8a,0x00,0x28,
0xa2,0x8a,0x00,0x28,0xa2,0xb1,0x75,0x3d,0x5f,0x4a,0xd1,0x21,0x8a,0x6d,0x5e,0xe6,
0x1b,0x48,0xe6,0x96,0x2b,0x78,0xda,0x67,0x58,0xd5,0xa5,0x99,0xc4,0x71,0x46,0xbb,
0x88,0xcb,0xbb,0x90,0xa8,0xa3,0x96,0x62,0x00,0x14,0x01,0xb5,0x45,0x14,0x50,0x01,
0x45,0x15,0x93,0xa9,0xea,0x5a,0x66,0x85,0xa6,0xdc,0x6a,0xfa,0xbc,0xf1,0xda,0xda,
0x5a,0xc4,0xd2,0xcf,0x3c,0xcc,0xb1,0xc5,0x14,0x71,0xae,0x59,0xdd,0x9b,0x0a,0xaa,
0xaa,0x32,0x49,0xe0,0x01,0x40,0x1a,0xd4,0x55,0x1b,0x5b,0x9b,0x6b,0xcb,0x58,0xee,
0xad,0x1d,0x65,0x86,0x44,0x0e,0x8e,0x84,0x32,0xb2,0xb0,0xc8,0x2a,0x47,0x04,0x11,
0xd0,0x8e,0x31,0x57,0xa8,0x00,0xa2,0x8a,0x28,0x03,0xf0,0x0b,0xfe,0x0e,0x8b,0xff,
0x00,0x94,0x15,0xfc,0x72,0xff,0x00,0xb9,0x67,0xff,0x00,0x52,0x7d,0x26,0xbf,0x7f,
0x6b,0xf0,0x0b,0xfe,0x0e,0x8b,0xff,0x00,0x94,0x15,0xfc,0x72,0xff,0x00,0xb9,0x67,
0xff,0x00,0x52,0x7d,0x26,0xbf,0x7f,0x68,0x00,0xa2,0x8a,0x28,0x03,0xff,0xd2,0xfe,
0xfe,0x2b,0xf3,0xff,0x00,0xfe,0x0a,0xc3,0xff,0x00,0x28,0xb4,0xfd,0xa5,0x7f,0xec,
0x95,0x78,0xcb,0xff,0x00,0x4c,0x97,0x75,0xfa,0x01,0x5f,0x9f,0xff,0x00,0xf0,0x56,
0x1f,0xf9,0x45,0xa7,0xed,0x2b,0xff,0x00,0x64,0xab,0xc6,0x5f,0xfa,0x64,0xbb,0xa0,
0x03,0xfe,0x09,0x41,0xff,0x00,0x28,0xb4,0xfd,0x9a,0x7f,0xec,0x95,0x78,0x37,0xff,
0x00,0x4c,0x96,0x75,0xfa,0x01,0x5f,0x9f,0xff,0x00,0xf0,0x4a,0x0f,0xf9,0x45,0xa7,
0xec,0xd3,0xff,0x00,0x64,0xab,0xc1,0xbf,0xfa,0x64,0xb3,0xaf,0xd0,0x0a,0x00,0x28,
0xa2,0x8a,0x00,0x28,0xa2,0x8a,0x00,0x28,0xa2,0x8a,0x00,0x28,0xa2,0x8a,0x00,0x28,
0xa2,0x8a,0x00,0x28,0xa2,0x8a,0x00,0x28,0xa2,0x8a,0x00,0x28,0xa2,0x8a,0x00,0x28,
0xa2,0x8a,0x00,0x28,0xa2,0x8a,0x00,0x28,0xa2,0x8a,0x00,0x28,0xa2,0x8a,0x00,0x28,
0xa2,0x8a,0x00,0x28,0xa2,0x8a,0x00,0x28,0xa2,0x8a,0x00,0x28,0xa2,0x8a,0x00,0x28,
0xa2,0x8a,0x00,0x28,0xa2,0x8a,0x00,0x28,0xa2,0x8a,0x00,0x28,0xa2,0x8a,0x00,0x28,
0xa2,0x8a,0x00,0x2b,0xf8,0xa0,0xff,0x00,0x83,0xc3,0xff,0x00,0x6b,0xef,0xda,0xaf,
0xf6,0x4e,0xd3,0x3f,0x67,0x99,0x7f,0x66,0x1f,0x88,0xde,0x24,0xf8,0x7a,0xda,0xdc,
0xde,0x29,0xfe,0xd1,0x3e,0x1e,0xd4,0xee,0x74,0xef,0xb5,0xfd,0x99,0x74,0x9f,0x20,
0x4f,0xf6,0x67,0x4f,0x30,0x45,0xe6,0xc9,0xb0,0x36,0x42,0xef,0x38,0xeb,0x5f,0xda,
0xfd,0x7f,0x02,0xdf,0xf0,0x7c,0xb7,0xfc,0x81,0xbf,0x66,0x5f,0xfa,0xed,0xe3,0x0f,
0xfd,0x07,0x45,0xa0,0x0f,0xe5,0x93,0xe0,0xc7,0xfc,0x14,0xb7,0xfe,0x0b,0x2f,0xf1,
0xf3,0xe2,0xe7,0x86,0x7e,0x08,0x7c,0x2f,0xfd,0xa1,0x3e,0x24,0xdf,0xf8,0x8b,0xc5,
0xda,0xa5,0xa6,0x91,0xa6,0xdb,0x8f,0x12,0xea,0x78,0x92,0xea,0xf2,0x55,0x86,0x20,
0x71,0x31,0xc2,0xee,0x61,0xb8,0xe3,0x0a,0x39,0xe8,0x2b,0xfd,0x39,0x3f,0x6f,0x0d,
0x7b,0xf6,0xa6,0xfd,0x89,0xff,0x00,0xe0,0x94,0xd1,0xfc,0x1d,0xfd,0x96,0x22,0xf1,
0x6f,0xc5,0xaf,0x8d,0x17,0x3a,0x2d,0x9f,0x83,0x74,0x2d,0x4e,0x21,0x73,0xa9,0xea,
0xd3,0xea,0x73,0xc1,0xe4,0xdc,0x6b,0x77,0x97,0x2c,0xd2,0x34,0x5e,0x4a,0x2c,0xb7,
0x3e,0x7c,0xce,0x23,0x49,0xbc,0xa4,0x24,0x06,0x15,0xfe,0x65,0x3f,0xf0,0x45,0xcf,
0xdb,0x4f,0xf6,0x5a,0xff,0x00,0x82,0x76,0x7e,0xd5,0xd3,0x7e,0xd9,0x1f,0xb4,0x6f,
0x86,0xf5,0x5f,0x19,0x6a,0xbe,0x11,0xd2,0xe7,0x1e,0x11,0xd1,0x74,0xd5,0x81,0x63,
0x93,0x56,0xbc,0xff,0x00,0x47,0x37,0x17,0x57,0x13,0xbe,0x20,0x8e,0xde,0xd9,0xa6,
0xd8,0x52,0x29,0x5f,0xcd,0x74,0x60,0xa3,0x66,0x6b,0xfd,0x11,0x62,0xff,0x00,0x82,
0xe9,0xdf,0xfc,0x3e,0xff,0x00,0x82,0x31,0xcb,0xff,0x00,0x05,0x5e,0xfd,0xa5,0xbc,
0x21,0xa7,0xf8,0x3b,0x50,0xf1,0x5b,0xde,0x2f,0x81,0x7c,0x25,0x15,0xdc,0x97,0x32,
0x5f,0xbb,0xc9,0x24,0x3a,0x54,0x13,0x4e,0x52,0x22,0xed,0x37,0x93,0x25,0xcc,0xcf,
0x1c,0x68,0x16,0xd4,0x17,0x09,0x91,0x82,0x01,0xfc,0x18,0xfe,0xd5,0xff,0x00,0xb4,
0xaf,0xfc,0x17,0x47,0xf6,0x02,0xf8,0xaf,0xe1,0xdf,0x81,0x9f,0xb5,0x0f,0xed,0x11,
0xe3,0x8d,0x2f,0xc5,0xb7,0x96,0x96,0xba,0x8d,0xde,0x85,0x6d,0xe3,0x6b,0xcd,0x46,
0xef,0x4d,0x86,0x69,0x31,0x04,0x7a,0x83,0xdb,0x5d,0x4b,0x0a,0x4d,0x34,0x68,0x25,
0x11,0x79,0xce,0xde,0x53,0xa3,0x38,0x01,0xc0,0x3f,0xeb,0xff,0x00,0x5f,0xe0,0xf9,
0xf1,0x3f,0xe3,0x57,0xc4,0xaf,0xda,0x43,0xf6,0x80,0xd5,0xbe,0x3c,0xfc,0x63,0xd4,
0xe4,0xd6,0x7c,0x53,0xe2,0xcd,0x61,0xb5,0x3d,0x4a,0xee,0x5f,0xf9,0x69,0x34,0xf2,
0xee,0x21,0x47,0x44,0x8d,0x78,0x48,0xd1,0x7e,0x54,0x40,0xa8,0xa0,0x2a,0x81,0x5f,
0xef,0x07,0x40,0x05,0x14,0x51,0x40,0x05,0x14,0x51,0x40,0x19,0xb7,0x97,0x96,0x5a,
0x65,0x9c,0xba,0x8d,0xfc,0xa9,0x6f,0x05,0xba,0x34,0x92,0x49,0x23,0x04,0x44,0x44,
0x19,0x66,0x66,0x38,0x01,0x54,0x0c,0x92,0x78,0x02,0xbf,0xca,0xcb,0xfe,0x0e,0x30,
0xff,0x00,0x82,0xea,0xf8,0x8b,0xfe,0x0a,0x01,0xfb,0x44,0xda,0xfc,0x13,0xfd,0x96,
0x35,0xdb,0x8b,0x1f,0x84,0x1f,0x0c,0x75,0x25,0xba,0xd2,0xef,0xec,0xa4,0x78,0x25,
0xd6,0x75,0xbb,0x6c,0x8f,0xed,0x60,0xe8,0x55,0x92,0x2b,0x73,0x94,0xb0,0xc6,0x18,
0x2e,0xe9,0xc9,0x0d,0x2a,0xa4,0x5f,0xdc,0x6f,0xfc,0x17,0x33,0xf6,0x61,0xff,0x00,
0x82,0x9b,0xfe,0xdb,0x7f,0xb3,0xa7,0xfc,0x32,0x5f,0xec,0x0b,0xa9,0x78,0x67,0xc3,
0x1a,0x07,0x8a,0xe2,0x92,0x2f,0x18,0x6a,0xda,0xd6,0xa3,0x73,0x67,0x77,0x71,0x64,
0x70,0xa3,0x4c,0xb5,0x5b,0x6b,0x4b,0x8d,0xb0,0xce,0x33,0xf6,0xa7,0x25,0x4b,0xc7,
0x88,0x70,0x51,0xe4,0x07,0xfc,0x89,0x7e,0x30,0xfc,0x33,0xf1,0x17,0xc1,0x6f,0x8b,
0x3e,0x28,0xf8,0x37,0xe3,0x07,0xb7,0x93,0x57,0xf0,0x96,0xad,0x7b,0xa2,0xde,0xbd,
0xab,0x99,0x20,0x6b,0x8b,0x09,0xde,0xde,0x53,0x13,0x90,0xbb,0xa3,0xdf,0x19,0xd8,
0x76,0x8c,0xae,0x38,0x1d,0x28,0x03,0xfd,0x59,0xbf,0xe0,0xdd,0xbf,0xf8,0x2d,0xa6,
0x89,0xff,0x00,0x05,0x48,0xf8,0x01,0xff,0x00,0x0a,0xa7,0xe3,0x25,0xe4,0x16,0xff,
0x00,0x1c,0x3c,0x03,0x66,0x83,0x5b,0x80,0x62,0x3f,0xed,0x8b,0x14,0x2b,0x14,0x7a,
0xc4,0x11,0x8c,0x2f,0xcc,0xc5,0x12,0xed,0x13,0xe5,0x8a,0x72,0x18,0x2a,0x47,0x34,
0x48,0x3f,0xa4,0x6a,0xff,0x00,0x20,0x9f,0xf8,0x20,0x97,0xfc,0x13,0xeb,0xfe,0x0a,
0x43,0xfb,0x4d,0xfc,0x6d,0xbe,0xfd,0xab,0xbf,0xe0,0x9b,0xde,0x27,0xf0,0xe7,0x86,
0x7c,0x4b,0xf0,0x6e,0xff,0x00,0x4f,0x92,0x69,0x75,0xfb,0xbb,0x9b,0x64,0x9b,0xfb,
0x49,0x2e,0x07,0xd9,0xcc,0x76,0xf6,0xd3,0xf9,0xd6,0xf3,0x45,0x04,0xb1,0x5c,0x23,
0x14,0xca,0x36,0x07,0x5c,0x8f,0xf5,0xb7,0xf8,0x6b,0xa8,0x78,0xfb,0x56,0xf8,0x7f,
0xa2,0xea,0x7f,0x14,0xb4,0xab,0x5d,0x13,0xc4,0x93,0x59,0xc2,0xfa,0x9d,0x85,0x8d,
0xc9,0xbd,0xb5,0xb6,0xbb,0x28,0x3c,0xd8,0xe0,0xb9,0x68,0xa1,0x69,0x62,0x56,0xc8,
0x47,0x31,0x21,0x65,0xc6,0x55,0x4f,0x14,0x01,0xdf,0xd7,0xf9,0xfa,0xff,0x00,0xc1,
0xd6,0x1f,0xf0,0x5c,0xc4,0xbc,0x6d,0x67,0xfe,0x09,0x5d,0xfb,0x26,0x6b,0x1f,0xb9,
0x8d,0xbe,0xcf,0xf1,0x17,0x58,0xb3,0x72,0x32,0xca,0x72,0x74,0x18,0x64,0x53,0xd1,
0x48,0xff,0x00,0x89,0x86,0xde,0xf8,0xb5,0x27,0x8b,0x88,0xcf,0xf6,0x2d,0xff,0x00,
0x05,0x1a,0xd1,0xff,0x00,0x6e,0xbf,0x14,0xfe,0xcb,0xda,0xd7,0x80,0x3f,0xe0,0x9d,
0x8f,0xa1,0xe9,0xbf,0x11,0xfc,0x40,0x3e,0xc1,0x06,0xb7,0xaf,0x5d,0xcb,0x69,0x6f,
0xa3,0xdb,0x48,0xa7,0xce,0xbc,0x84,0x43,0x6f,0x70,0xd2,0xdd,0x2a,0x8d,0x90,0x2e,
0xd0,0xa8,0xec,0x25,0x6d,0xc2,0x3f,0x2d,0xff,0x00,0xc7,0x6b,0xfe,0x0a,0x15,0xfb,
0x13,0x7c,0x72,0xff,0x00,0x82,0x7c,0xfe,0xd4,0xda,0xef,0xec,0xcb,0xfb,0x47,0x6a,
0x1a,0x76,0xa9,0xe2,0xfd,0x3a,0x2b,0x5b,0xfb,0xdb,0xad,0x2e,0xe2,0x5b,0xbb,0x79,
0x0e,0xa1,0x0a,0xdd,0x2b,0x79,0xd3,0xc5,0x0c,0x8c,0xe5,0x5c,0x6f,0xdc,0x83,0xe6,
0xf5,0xeb,0x40,0x1f,0xdb,0xa7,0xfc,0x1a,0xa3,0xff,0x00,0x05,0xca,0x8b,0xe2,0x4f,
0x87,0x74,0xaf,0xf8,0x25,0xe7,0xed,0x5f,0xab,0x05,0xf1,0x06,0x8b,0x6c,0xb6,0xff,
0x00,0x0f,0x75,0x6b,0xa7,0xff,0x00,0x8f,0xeb,0x18,0x10,0xff,0x00,0xc4,0x9a,0x57,
0x6e,0x93,0xda,0xc6,0xa3,0xec,0x67,0xa4,0x90,0x03,0x0f,0xca,0xd1,0x46,0x25,0xfe,
0xe9,0x6b,0xfc,0x45,0xff,0x00,0xe0,0x98,0xdf,0xb0,0xb7,0xed,0x2b,0xff,0x00,0x05,
0x08,0xfd,0xaa,0x2c,0x3e,0x0a,0xfe,0xc9,0x7a,0xce,0x9d,0xe1,0xef,0x1b,0xe9,0x76,
0x92,0x78,0x86,0xcb,0x50,0xd4,0x2f,0x67,0xd3,0xd6,0xdc,0xe9,0xd2,0x44,0xc2,0x48,
0x67,0xb6,0x8a,0x69,0x52,0x74,0x76,0x46,0x8c,0xa2,0x82,0x08,0xce,0x46,0x2b,0xfd,
0x8b,0x3f,0x61,0xf8,0xff,0x00,0x6c,0x3b,0x3f,0xd9,0xaf,0xc3,0x9a,0x1f,0xed,0xdd,
0x16,0x86,0xdf,0x13,0x74,0xb8,0xbe,0xc7,0xaa,0xdf,0x78,0x76,0x77,0x9e,0xc3,0x51,
0xf2,0x40,0x58,0xef,0x54,0x49,0x05,0xb9,0x8a,0x49,0x97,0x06,0x68,0x82,0x04,0x59,
0x03,0x18,0xf0,0x85,0x55,0x40,0x3e,0xbc,0xa2,0x8a,0x28,0x03,0xf0,0x0b,0xfe,0x0e,
0x8b,0xff,0x00,0x94,0x15,0xfc,0x72,0xff,0x00,0xb9,0x67,0xff,0x00,0x52,0x7d,0x26,
0xbf,0x7f,0x6b,0xf0,0x0b,0xfe,0x0e,0x8b,0xff,0x00,0x94,0x15,0xfc,0x72,0xff,0x00,
0xb9,0x67,0xff,0x00,0x52,0x7d,0x26,0xbf,0x7f,0x68,0x00,0xa2,0x8a,0x28,0x03,0xff,
0xd3,0xfe,0xfe,0x2b,0xf3,0xff,0x00,0xfe,0x0a,0xc3,0xff,0x00,0x28,0xb4,0xfd,0xa5,
0x7f,0xec,0x95,0x78,0xcb,0xff,0x00,0x4c,0x97,0x75,0xfa,0x01,0x5f,0x9f,0xff,0x00,
0xf0,0x56,0x1f,0xf9,0x45,0xa7,0xed,0x2b,0xff,0x00,0x64,0xab,0xc6,0x5f,0xfa,0x64,
0xbb,0xa0,0x03,0xfe,0x09,0x41,0xff,0x00,0x28,0xb4,0xfd,0x9a,0x7f,0xec,0x95,0x78,
0x37,0xff,0x00,0x4c,0x96,0x75,0xfa,0x01,0x5f,0x9f,0xff,0x00,0xf0,0x4a,0x0f,0xf9,
0x45,0xa7,0xec,0xd3,0xff,0x00,0x64,0xab,0xc1,0xbf,0xfa,0x64,0xb3,0xaf,0xd0,0x0a,
0x00,0x28,0xa2,0x8a,0x00,0x28,0xa2,0x8a,0x00,0x28,0xa2,0x8a,0x00,0x28,0xa2,0x8a,
0x00,0x28,0xa2,0x8a,0x00,0x28,0xa2,0x8a,0x00,0x28,0xa2,0x8a,0x00,0x28,0xa2,0x8a,
0x00,0x28,0xa2,0x8a,0x00,0x28,0xa2,0x8a,0x00,0x28,0xa2,0x8a,0x00,0x28,0xa2,0x8a,
0x00,0x28,0xa2,0x8a,0x00,0x28,0xa2,0x8a,0x00,0x28,0xa2,0x8a,0x00,0x28,0xa2,0x8a,
0x00,0x28,0xa2,0x8a,0x00,0x28,0xa2,0x8a,0x00,0x28,0xa2,0x8a,0x00,0x28,0xa2,0x8a,
0x00,0x28,0xa2,0x8a,0x00,0x2b,0xf8,0xad,0xff,0x00,0x83,0xd5,0x3f,0x66,0xff,0x00,
0x15,0xf8,0xff,0x00,0xf6,0x3b,0xf8,0x59,0xfb,0x4b,0x78,0x7e,0xdd,0xee,0x2c,0xbe,
0x1b,0xeb,0xf7,0x96,0x1a,0x9e,0xc1,0xc4,0x16,0xda,0xfc,0x50,0x22,0x4e,0xfe,0x88,
0x2e,0x2c,0xe1,0x87,0xfd,0xe9,0x94,0x57,0xf6,0xa5,0x5e,0x61,0xf1,0x83,0xe1,0x0f,
0xc3,0x3f,0x8f,0xdf,0x0b,0xb5,0xef,0x82,0xbf,0x19,0x34,0x6b,0x7f,0x10,0x78,0x5b,
0xc4,0xd6,0x52,0xe9,0xfa,0x9e,0x9d,0x74,0xa4,0xc5,0x71,0x6f,0x32,0xed,0x65,0x3b,
0x48,0x65,0x23,0xaa,0xba,0x10,0xe8,0xc0,0x32,0x95,0x60,0x08,0x00,0xff,0x00,0x0d,
0x4f,0xd9,0x7f,0xe0,0x1f,0x8b,0xff,0x00,0x6a,0x8f,0xda,0x2b,0xc1,0x5f,0xb3,0x8f,
0x81,0xb0,0x35,0x4f,0x1a,0xeb,0x36,0x9a,0x4c,0x32,0x11,0x94,0x80,0x5c,0xca,0xa9,
0x25,0xc4,0x98,0xfb,0xb1,0x41,0x1e,0xe9,0x65,0x6e,0x8b,0x1a,0x31,0x3c,0x0a,0xfd,
0x4c,0xff,0x00,0x82,0xe4,0x7f,0xc1,0x45,0x3c,0x33,0xfb,0x63,0xfc,0x78,0xd0,0xff,
0x00,0x67,0xdf,0xd9,0xce,0x73,0x07,0xc0,0x5f,0x81,0x3a,0x74,0x7e,0x0f,0xf0,0x2d,
0xac,0x6d,0x98,0xae,0xe0,0xb1,0x44,0xb6,0x93,0x54,0x23,0x0b,0xb9,0xae,0x84,0x28,
0x22,0x24,0x0c,0x40,0x91,0xfc,0xaa,0xec,0xf9,0xfd,0x89,0xfd,0xb7,0xff,0x00,0xe0,
0xd5,0xff,0x00,0xdb,0xdf,0xf6,0x30,0xf8,0x89,0xe2,0x5f,0x8c,0x3f,0xf0,0x4d,0x1d,
0x42,0xd7,0xe2,0x0f,0x84,0x2e,0xf4,0xfd,0x46,0xda,0x1b,0x7b,0x9b,0xab,0x6b,0x1f,
0x12,0x69,0x56,0x37,0x90,0xc9,0x15,0xd4,0x7b,0xae,0x4c,0x16,0xd3,0x11,0x6a,0xcf,
0x08,0x9e,0xde,0x54,0x9a,0x45,0x77,0x51,0x02,0xe7,0xe6,0xfe,0x6b,0xbf,0x60,0x2f,
0xf8,0x26,0x4f,0xed,0x95,0xff,0x00,0x05,0x36,0xf1,0xee,0xa7,0xf0,0xff,0x00,0xf6,
0x43,0xf0,0xcc,0x5a,0xec,0xda,0x0c,0x76,0xf3,0x6a,0xf7,0x37,0x37,0xb6,0xb6,0x36,
0xd6,0x10,0x5c,0xb9,0x8e,0x39,0x65,0x7b,0x89,0x11,0x98,0x12,0x8d,0xf2,0x42,0x92,
0x49,0x85,0x38,0x43,0x8a,0x00,0xf2,0x6f,0xd8,0x9b,0xf6,0x77,0xf1,0x8f,0xed,0x69,
0xfb,0x5d,0x7c,0x38,0xfd,0x9b,0x7c,0x09,0x03,0x5c,0x6a,0x5e,0x2f,0xd7,0xec,0xb4,
0xf1,0xb0,0x67,0xca,0x85,0xa5,0x06,0xe2,0x76,0xf4,0x48,0x20,0x57,0x95,0xcf,0x64,
0x42,0x7b,0x57,0xfb,0xa7,0xd7,0xf3,0x65,0xff,0x00,0x04,0x29,0xff,0x00,0x83,0x7b,
0xbe,0x1a,0x7f,0xc1,0x28,0x74,0xe9,0xfe,0x35,0x7c,0x5c,0xd4,0x6d,0x3c,0x6d,0xf1,
0xab,0x58,0xb5,0xfb,0x24,0xda,0x9d,0xb2,0x37,0xf6,0x76,0x8f,0x6a,0xe0,0x79,0xb6,
0xba,0x60,0x95,0x52,0x47,0x69,0x08,0xc4,0xb7,0x52,0x22,0x3b,0xa0,0x11,0xa4,0x71,
0x27,0x98,0x25,0xfe,0x93,0x68,0x00,0xa2,0x8a,0x28,0x00,0xa2,0x8a,0x28,0x00,0xaf,
0xf0,0xc2,0xff,0x00,0x82,0x81,0xff,0x00,0xc9,0xf9,0xfc,0x6d,0xff,0x00,0xb1,0xf7,
0xc4,0x9f,0xfa,0x74,0xb8,0xaf,0xf7,0x3d,0xaf,0xf0,0xc2,0xff,0x00,0x82,0x81,0xff,
0x00,0xc9,0xf9,0xfc,0x6d,0xff,0x00,0xb1,0xf7,0xc4,0x9f,0xfa,0x74,0xb8,0xa0,0x0f,
0xed,0xab,0xfe,0x0c,0x6f,0xff,0x00,0x91,0x2b,0xf6,0x91,0xff,0x00,0xaf,0xdf,0x0a,
0xff,0x00,0xe8,0xbd,0x56,0xbf,0xbd,0x3a,0xfe,0x0b,0x3f,0xe0,0xc6,0xff,0x00,0xf9,
0x12,0xbf,0x69,0x1f,0xfa,0xfd,0xf0,0xaf,0xfe,0x8b,0xd5,0x6b,0xfb,0xd3,0xa0,0x02,
0xbf,0xc9,0x2b,0xfe,0x0e,0xc4,0xff,0x00,0x94,0xd9,0x7c,0x43,0xff,0x00,0xb0,0x47,
0x87,0x7f,0xf4,0xd5,0x6f,0x5f,0xeb,0x6b,0x5f,0xe4,0x95,0xff,0x00,0x07,0x62,0x7f,
0xca,0x6c,0xbe,0x21,0xff,0x00,0xd8,0x23,0xc3,0xbf,0xfa,0x6a,0xb7,0xa0,0x0f,0x57,
0xff,0x00,0x83,0x3e,0x7f,0xe5,0x30,0x90,0x7f,0xd8,0x97,0xad,0xff,0x00,0x3b,0x6a,
0xff,0x00,0x55,0xea,0xff,0x00,0x2a,0x1f,0xf8,0x33,0xe7,0xfe,0x53,0x09,0x07,0xfd,
0x89,0x7a,0xdf,0xf3,0xb6,0xaf,0xf5,0x5e,0xa0,0x02,0x8a,0x28,0xa0,0x0f,0xc0,0x2f,
0xf8,0x3a,0x2f,0xfe,0x50,0x57,0xf1,0xcb,0xfe,0xe5,0x9f,0xfd,0x49,0xf4,0x9a,0xfd,
0xfd,0xaf,0xc0,0x2f,0xf8,0x3a,0x2f,0xfe,0x50,0x57,0xf1,0xcb,0xfe,0xe5,0x9f,0xfd,
0x49,0xf4,0x9a,0xfd,0xfd,0xa0,0x02,0x8a,0x28,0xa0,0x0f,0xff,0xd4,0xfe,0xfe,0x2b,
0xf3,0xff,0x00,0xfe,0x0a,0xc3,0xff,0x00,0x28,0xb4,0xfd,0xa5,0x7f,0xec,0x95,0x78,
0xcb,0xff,0x00,0x4c,0x97,0x75,0xfa,0x01,0x5f,0x9f,0xff,0x00,0xf0,0x56,0x1f,0xf9,
0x45,0xa7,0xed,0x2b,0xff,0x00,0x64,0xab,0xc6,0x5f,0xfa,0x64,0xbb,0xa0,0x03,0xfe,
0x09,0x41,0xff,0x00,0x28,0xb4,0xfd,0x9a,0x7f,0xec,0x95,0x78,0x37,0xff,0x00,0x4c,
0x96,0x75,0xfa,0x01,0x5f,0x9f,0xff,0x00,0xf0,0x4a,0x0f,0xf9,0x45,0xa7,0xec,0xd3,
0xff,0x00,0x64,0xab,0xc1,0xbf,0xfa,0x64,0xb3,0xaf,0xd0,0x0a,0x00,0x28,0xa2,0x8a,
0x00,0x28,0xa2,0x8a,0x00,0x28,0xa2,0x8a,0x00,0x28,0xa2,0x8a,0x00,0x28,0xa2,0x8a,
0x00,0x28,0xa2,0x8a,0x00,0x28,0xa2,0x8a,0x00,0x28,0xa2,0x8a,0x00,0x28,0xa2,0x8a,
0x00,0x28,0xa2,0x8a,0x00,0x28,0xa2,0x8a,0x00,0x28,0xa2,0x8a,0x00,0x28,0xa2,0x8a,
0x00,0x28,0xa2,0x8a,0x00,0x28,0xa2,0x8a,0x00,0x28,0xa2,0x8a,0x00,0x28,0xa2,0x8a,
0x00,0x28,0xa2,0x8a,0x00,0x28,0xa2,0x8a,0x00,0x28,0xa2,0x8a,0x00,0x28,0xa2,0x8a,
0x00,0x28,0xa2,0x8a,0x00,0xe2,0xbe,0x23,0xff,0x00,0xc9,0x3c,0xd7,0xff,0x00,0xec,
0x1d,0x75,0xff,0x00,0xa2,0x5a,0xbf,0xcf,0xb3,0xfe,0x0c,0x78,0xff,0x00,0x92,0xc7,
0xfb,0x42,0x7f,0xd8,0x1b,0xc3,0xff,0x00,0xfa,0x51,0x7b,0x5f,0xdf,0xdf,0xc6,0x0d,
0x5f,0x46,0xf0,0xd7,0xc2,0x5f,0x13,0xeb,0xfe,0x20,0xba,0x86,0xc2,0xc2,0xcb,0x49,
0xbc,0x9a,0xe2,0xe2,0xe1,0xd6,0x28,0x61,0x89,0x20,0x72,0xee,0xee,0xc4,0x2a,0x22,
0x81,0x92,0x49,0x00,0x01,0x5f,0xe7,0xe7,0xff,0x00,0x06,0x43,0x6b,0x7a,0x2d,0xaf,
0xc7,0x9f,0x8f,0x5a,0x05,0xcd,0xdc,0x11,0xdf,0xde,0x68,0x5a,0x24,0xb6,0xf6,0xcc,
0xea,0xb3,0x4b,0x1c,0x17,0x37,0x42,0x57,0x8e,0x32,0x77,0x32,0xc6,0x64,0x40,0xe4,
0x0c,0x2e,0xe5,0xce,0x32,0x28,0x03,0xfd,0x16,0x68,0xa2,0x8a,0x00,0x28,0xa2,0x8a,
0x00,0x28,0xa2,0x8a,0x00,0x2b,0xfc,0x30,0xbf,0xe0,0xa0,0x7f,0xf2,0x7e,0x7f,0x1b,
0x7f,0xec,0x7d,0xf1,0x27,0xfe,0x9d,0x2e,0x2b,0xfd,0xcf,0x6b,0xf8,0x99,0xf8,0xeb,
0xff,0x00,0x06,0x66,0x7c,0x31,0xf8,0xdf,0xf1,0xbb,0xc6,0x5f,0x1a,0x6e,0xfe,0x3d,
0xea,0x9a,0x7c,0xbe,0x2f,0xd7,0x35,0x0d,0x69,0xed,0x57,0xc3,0xf0,0x48,0xb0,0x35,
0xfd,0xcc,0x97,0x26,0x20,0xdf,0x6d,0x5d,0xc1,0x0b,0xed,0x07,0x6a,0xe7,0x1d,0x07,
0x4a,0x00,0xf1,0x2f,0xf8,0x31,0xbf,0xfe,0x44,0xaf,0xda,0x47,0xfe,0xbf,0x7c,0x2b,
0xff,0x00,0xa2,0xf5,0x5a,0xfe,0xf4,0xeb,0xf0,0xbb,0xfe,0x08,0xaf,0xff,0x00,0x04,
0x4c,0xf0,0xc7,0xfc,0x11,0xb3,0x4d,0xf8,0x8d,0xa5,0xf8,0x6b,0xe2,0x1d,0xe7,0x8f,
0x57,0xe2,0x14,0xba,0x54,0xaf,0xf6,0xad,0x3a,0x2d,0x3c,0x5a,0x1d,0x2d,0x6e,0xd4,
0x6d,0xf2,0xe6,0x98,0xbf,0x99,0xf6,0xae,0x72,0x40,0x5d,0x83,0x03,0x93,0x5f,0xba,
0x34,0x00,0x57,0xf9,0x25,0x7f,0xc1,0xd8,0x9f,0xf2,0x9b,0x2f,0x88,0x7f,0xf6,0x08,
0xf0,0xef,0xfe,0x9a,0xad,0xeb,0xfd,0x6d,0x6b,0xf9,0x4f,0xff,0x00,0x82,0xa1,0xff,
0x00,0xc1,0xaf,0x1e,0x03,0xff,0x00,0x82,0x9b,0x7e,0xd9,0x9e,0x21,0xfd,0xaf,0xfc,
0x43,0xf1,0x8b,0x51,0xf0,0x95,0xce,0xbf,0x6d,0xa7,0xdb,0x1d,0x2e,0x0d,0x1a,0x1b,
0xb8,0xe2,0x16,0x16,0x91,0x5a,0x82,0xb3,0x35,0xd4,0x25,0xb7,0xf9,0x7b,0xce,0x53,
0x82,0x71,0xd0,0x0a,0x00,0xfe,0x54,0x7f,0xe0,0xcf,0x9f,0xf9,0x4c,0x24,0x1f,0xf6,
0x25,0xeb,0x7f,0xce,0xda,0xbf,0xd5,0x7a,0xbf,0x97,0x8f,0xf8,0x24,0xc7,0xfc,0x1b,
0x41,0xe0,0x6f,0xf8,0x25,0x57,0xed,0x69,0x1f,0xed,0x57,0xe1,0xcf,0x8b,0x97,0xfe,
0x33,0x9e,0x3d,0x1e,0xf7,0x49,0xfe,0xcd,0xb8,0xd2,0x22,0xb2,0x42,0xb7,0x9e,0x5e,
0x64,0xf3,0x56,0xea,0x63,0xf2,0xf9,0x63,0x00,0x27,0x3e,0xb5,0xfd,0x43,0xd0,0x01,
0x45,0x14,0x50,0x07,0xe0,0x17,0xfc,0x1d,0x17,0xff,0x00,0x28,0x2b,0xf8,0xe5,0xff,
0x00,0x72,0xcf,0xfe,0xa4,0xfa,0x4d,0x7e,0xfe,0xd7,0xe0,0x17,0xfc,0x1d,0x17,0xff,
0x00,0x28,0x2b,0xf8,0xe5,0xff,0x00,0x72,0xcf,0xfe,0xa4,0xfa,0x4d,0x7e,0xfe,0xd0,
0x01,0x45,0x14,0x50,0x07,0xff,0xd5,0xfe,0xfe,0x2b,0xf3,0xff,0x00,0xfe,0x0a,0xc3,
0xff,0x00,0x28,0xb4,0xfd,0xa5,0x7f,0xec,0x95,0x78,0xcb,0xff,0x00,0x4c,0x97,0x75,
0xfa,0x01,0x5f,0x9f,0xff,0x00,0xf0,0x56,0x1f,0xf9,0x45,0xa7,0xed,0x2b,0xff,0x00,
0x64,0xab,0xc6,0x5f,0xfa,0x64,0xbb,0xa0,0x03,0xfe,0x09,0x41,0xff,0x00,0x28,0xb4,
0xfd,0x9a,0x7f,0xec,0x95,0x78,0x37,0xff,0x00,0x4c,0x96,0x75,0xfa,0x01,0x5f,0x9f,
0xff,0x00,0xf0,0x4a,0x0f,0xf9,0x45,0xa7,0xec,0xd3,0xff,0x00,0x64,0xab,0xc1,0xbf,
0xfa,0x64,0xb3,0xaf,0xd0,0x0a,0x00,0x28,0xa2,0x8a,0x00,0x28,0xa2,0x8a,0x00,0x28,
0xa2,0x8a,0x00,0x28,0xa2,0x8a,0x00,0x28,0xa2,0x8a,0x00,0x28,0xa2,0x8a,0x00,0x28,
0xa2,0x8a,0x00,0x28,0xa2,0x8a,0x00,0x28,0xa2,0x8a,0x00,0x28,0xa2,0x8a,0x00,0x28,
0xa2,0x8a,0x00,0x28,0xa2,0x8a,0x00,0x28,0xa2,0x8a,0x00,0x28,0xa2,0x8a,0x00,0x28,
0xa2,0x8a,0x00,0x28,0xa2,0x8a,0x00,0x28,0xa2,0x8a,0x00,0x28,0xa2,0x8a,0x00,0x28,
0xa2,0x8a,0x00,0x28,0xa2,0x8a,0x00,0x28,0xa2,0x8a,0x00,0x2b,0x2e,0xf5,0xaf,0x61,
0xb2,0x95,0xf4,0xb8,0xd2,0x5b,0x85,0x46,0x31,0x47,0x2b,0x98,0xd1,0x9c,0x0f,0x95,
0x59,0xd5,0x5c,0xa2,0x93,0x80,0x48,0x46,0x20,0x74,0x53,0xd2,0xb5,0x28,0xa0,0x0f,
0xe2,0x87,0xfe,0x0a,0x77,0xff,0x00,0x04,0x73,0xff,0x00,0x83,0x87,0xff,0x00,0xe0,
0xaa,0x7a,0xb4,0x9a,0x57,0xc6,0x6f,0x8b,0xbf,0x0b,0x7c,0x33,0xe0,0x38,0xe6,0xf3,
0x2c,0xfc,0x17,0xa0,0xea,0x5a,0xf4,0x5a,0x52,0x6c,0x60,0x62,0x92,0xe8,0xb6,0x91,
0xe6,0x5f,0x5c,0x28,0x0a,0x7c,0xc9,0xf2,0xa8,0xf9,0x30,0xc7,0x08,0x3b,0x6b,0xf2,
0xab,0xe1,0xf7,0xfc,0x19,0xdd,0xff,0x00,0x05,0x71,0xf8,0x4d,0xe3,0x5d,0x37,0xe2,
0x47,0xc2,0xcf,0x8c,0x1f,0x0f,0xfc,0x37,0xe2,0x1d,0x1e,0x65,0xb9,0xb1,0xd4,0xb4,
0xcd,0x5f,0x5d,0xb4,0xbb,0xb6,0x99,0x7a,0x49,0x0c,0xd0,0xe9,0x2a,0xf1,0xb0,0xe9,
0x95,0x22,0xbf,0xd2,0xce,0x8a,0x00,0xfc,0xc3,0xff,0x00,0x82,0x6b,0xf8,0x4b,0xfe,
0x0a,0xb7,0xf0,0xeb,0xc0,0x77,0x5f,0x0f,0x7f,0xe0,0xa7,0x1a,0xef,0x80,0xbc,0x69,
0x77,0xa7,0x45,0x12,0x69,0x3e,0x25,0xf0,0x94,0xd7,0xc9,0xa8,0x5d,0x81,0x9f,0x31,
0x75,0x3b,0x5b,0x8b,0x0b,0x4b,0x6d,0xe3,0x8d,0x93,0x5b,0x94,0xdc,0x06,0x1a,0x2d,
0xd9,0x90,0xfe,0x9e,0x51,0x45,0x00,0x14,0x51,0x45,0x00,0x14,0x51,0x45,0x00,0x7f,
0x17,0x3f,0xf0,0x72,0x67,0x8a,0x7f,0xe0,0xb7,0x3a,0x0f,0xed,0x67,0xe0,0x78,0x3f,
0xe0,0x98,0xb1,0xfc,0x4c,0x7f,0x07,0xbf,0x84,0x50,0xea,0x9f,0xf0,0x85,0xd9,0xdd,
0x5c,0xd8,0x8d,0x4b,0xed,0xf7,0x60,0xf9,0xad,0x6d,0x13,0xe2,0x7f,0x23,0xca,0xc8,
0x63,0xf7,0x36,0x60,0x75,0xaf,0xe7,0x57,0xfe,0x16,0x37,0xfc,0x1d,0xcb,0xff,0x00,
0x3e,0xff,0x00,0x1f,0x3f,0xf0,0x55,0xa9,0xff,0x00,0xf2,0x3d,0x7f,0xab,0x85,0x14,
0x01,0xfe,0x51,0xff,0x00,0xf0,0xb1,0xbf,0xe0,0xee,0x5f,0xf9,0xf7,0xf8,0xf9,0xff,
0x00,0x82,0xad,0x4f,0xff,0x00,0x91,0xe8,0xff,0x00,0x85,0x8d,0xff,0x00,0x07,0x72,
0xff,0x00,0xcf,0xbf,0xc7,0xcf,0xfc,0x15,0x6a,0x7f,0xfc,0x8f,0x5f,0xea,0xe1,0x45,
0x00,0x7f,0x94,0x7f,0xfc,0x2c,0x6f,0xf8,0x3b,0x97,0xfe,0x7d,0xfe,0x3e,0x7f,0xe0,
0xab,0x53,0xff,0x00,0xe4,0x7a,0x3f,0xe1,0x63,0x7f,0xc1,0xdc,0xbf,0xf3,0xef,0xf1,
0xf3,0xff,0x00,0x05,0x5a,0x9f,0xff,0x00,0x23,0xd7,0xfa,0xb8,0x51,0x40,0x1f,0xe5,
0x1f,0xff,0x00,0x0b,0x1b,0xfe,0x0e,0xe5,0xff,0x00,0x9f,0x7f,0x8f,0x9f,0xf8,0x2a,
0xd4,0xff,0x00,0xf9,0x1e,0xbf,0xb7,0x4f,0xf8,0x37,0x27,0x57,0xff,0x00,0x82,0x85,
0x6b,0x5f,0xb0,0xa6,0xbd,0x7b,0xff,0x00,0x05,0x2a,0x4f,0x17,0x27,0x8f,0xff,0x00,
0xe1,0x33,0xbf,0x5b,0x45,0xf1,0x9c,0x12,0xdb,0x5f,0xff,0x00,0x65,0x0b,0x1d,0x3f,
0xc9,0xf2,0x92,0x64,0x47,0xfb,0x3f,0x9d,0xe7,0xed,0x24,0x7d,0xfd,0xe0,0x70,0x00,
0x1f,0xbf,0x94,0x50,0x01,0x45,0x14,0x50,0x07,0xe0,0x17,0xfc,0x1d,0x17,0xff,0x00,
0x28,0x2b,0xf8,0xe5,0xff,0x00,0x72,0xcf,0xfe,0xa4,0xfa,0x4d,0x7e,0xfe,0xd7,0xe0,
0x17,0xfc,0x1d,0x17,0xff,0x00,0x28,0x2b,0xf8,0xe5,0xff,0x00,0x72,0xcf,0xfe,0xa4,
0xfa,0x4d,0x7e,0xfe,0xd0,0x01,0x45,0x14,0x50,0x07,0xff,0xd6,0xfe,0xfe,0x2b,0xf3,
0xff,0x00,0xfe,0x0a,0xc3,0xff,0x00,0x28,0xb4,0xfd,0xa5,0x7f,0xec,0x95,0x78,0xcb,
0xff,0x00,0x4c,0x97,0x75,0xfa,0x01,0x5f,0x9f,0xff,0x00,0xf0,0x56,0x1f,0xf9,0x45,
0xa7,0xed,0x2b,0xff,0x00,0x64,0xab,0xc6,0x5f,0xfa,0x64,0xbb,0xa0,0x03,0xfe,0x09,
0x41,0xff,0x00,0x28,0xb4,0xfd,0x9a,0x7f,0xec,0x95,0x78,0x37,0xff,0x00,0x4c,0x96,
0x75,0xfa,0x01,0x5f,0x9f,0xff,0x00,0xf0,0x4a,0x0f,0xf9,0x45,0xa7,0xec,0xd3,0xff,
0x00,0x64,0xab,0xc1,0xbf,0xfa,0x64,0xb3,0xaf,0xd0,0x0a,0x00,0x28,0xa2,0x8a,0x00,
0x28,0xa2,0x8a,0x00,0x28,0xa2,0x8a,0x00,0x28,0xa2,0x8a,0x00,0x28,0xa2,0x8a,0x00,
0x28,0xa2,0x8a,0x00,0x28,0xa2,0x8a,0x00,0x28,0xa2,0x8a,0x00,0x28,0xa2,0x8a,0x00,
0x28,0xa2,0x8a,0x00,0x28,0xa2,0x8a,0x00,0x28,0xa2,0x8a,0x00,0x28,0xa2,0x8a,0x00,
0x28,0xa2,0x8a,0x00,0x28,0xa2,0x8a,0x00,0x28,0xa2,0x8a,0x00,0x28,0xa2,0x8a,0x00,
0x28,0xa2,0x8a,0x00,0x28,0xa2,0x8a,0x00,0x28,0xa2,0x8a,0x00,0x28,0xa2,0x8a,0x00,
0x28,0xa2,0x8a,0x00,0x28,0xa2,0x8a,0x00,0x28,0xa2,0x8a,0x00,0x28,0xa2,0x8a,0x00,
0x28,0xa2,0x8a,0x00,0x28,0xa2,0x8a,0x00,0x28,0xa2,0x8a,0x00,0x28,0xa2,0x8a,0x00,
0x28,0xa2,0x8a,0x00,0x28,0xa2,0x8a,0x00,0xfc,0x02,0xff,0x00,0x83,0xa2,0xff,0x00,
0xe5,0x05,0x7f,0x1c,0xbf,0xee,0x59,0xff,0x00,0xd4,0x9f,0x49,0xaf,0xdf,0xda,0xfc,
0x02,0xff,0x00,0x83,0xa2,0xff,0x00,0xe5,0x05,0x7f,0x1c,0xbf,0xee,0x59,0xff,0x00,
0xd4,0x9f,0x49,0xaf,0xdf,0xda,0x00,0x28,0xa2,0x8a,0x00,0xff,0xd7,0xfe,0xfe,0x2b,
0xe7,0xaf,0xda,0xbb,0xe0,0x67,0xfc,0x34,0xf7,0xec,0xb3,0xf1,0x2b,0xf6,0x68,0x1a,
0xa7,0xf6,0x1f,0xfc,0x2c,0x3f,0x0b,0x6b,0x3e,0x19,0xfe,0xd1,0xf2,0x3e,0xd3,0xf6,
0x3f,0xed,0x6b,0x19,0xac,0xfe,0xd1,0xe4,0x79,0x91,0x79,0xbe,0x57,0x9b,0xbf,0xcb,
0xf3,0x13,0x76,0x36,0xee,0x5e,0xa3,0xe8,0x5a,0x28,0x03,0xf9,0xc0,0xf8,0x4f,0xff,
0x00,0x04,0xa2,0xff,0x00,0x82,0xcc,0x7c,0x0f,0xf8,0x59,0xe1,0xaf,0x82,0xdf,0x0b,
0xff,0x00,0xe0,0xa0,0x7f,0xd9,0x7e,0x19,0xf0,0x7e,0x95,0x67,0xa2,0x69,0x16,0x7f,
0xf0,0xaa,0x3c,0x3b,0x37,0xd9,0xac,0x34,0xf8,0x12,0xda,0xda,0x1f,0x36,0x7b,0xb7,
0x95,0xfc,0xb8,0xa3,0x55,0xdf,0x23,0xb3,0xb6,0x32,0xcc,0x4f,0x35,0xe8,0x7f,0xf0,
0xef,0x1f,0xf8,0x2e,0xaf,0xfd,0x24,0x53,0xff,0x00,0x31,0x1f,0x86,0x3f,0xf9,0x26,
0xbf,0x7f,0x28,0xa0,0x0f,0xc0,0x3f,0xf8,0x77,0x8f,0xfc,0x17,0x57,0xfe,0x92,0x29,
0xff,0x00,0x98,0x8f,0xc3,0x1f,0xfc,0x93,0x47,0xfc,0x3b,0xc7,0xfe,0x0b,0xab,0xff,
0x00,0x49,0x14,0xff,0x00,0xcc,0x47,0xe1,0x8f,0xfe,0x49,0xaf,0xdf,0xca,0x28,0x03,
0xf0,0x0f,0xfe,0x1d,0xe3,0xff,0x00,0x05,0xd5,0xff,0x00,0xa4,0x8a,0x7f,0xe6,0x23,
0xf0,0xc7,0xff,0x00,0x24,0xd1,0xff,0x00,0x0e,0xf1,0xff,0x00,0x82,0xea,0xff,0x00,
0xd2,0x45,0x3f,0xf3,0x11,0xf8,0x63,0xff,0x00,0x92,0x6b,0xf7,0xf2,0x8a,0x00,0xfc,
0x03,0xff,0x00,0x87,0x78,0xff,0x00,0xc1,0x75,0x7f,0xe9,0x22,0x9f,0xf9,0x88,0xfc,
0x31,0xff,0x00,0xc9,0x34,0x7f,0xc3,0xbc,0x7f,0xe0,0xba,0xbf,0xf4,0x91,0x4f,0xfc,
0xc4,0x7e,0x18,0xff,0x00,0xe4,0x9a,0xfd,0xfc,0xa2,0x80,0x3f,0x00,0xff,0x00,0xe1,
0xde,0x3f,0xf0,0x5d,0x5f,0xfa,0x48,0xa7,0xfe,0x62,0x3f,0x0c,0x7f,0xf2,0x4d,0x1f,
0xf0,0xef,0x1f,0xf8,0x2e,0xaf,0xfd,0x24,0x53,0xff,0x00,0x31,0x1f,0x86,0x3f,0xf9,
0x26,0xbf,0x7f,0x28,0xa0,0x0f,0xc0,0x3f,0xf8,0x77,0x8f,0xfc,0x17,0x57,0xfe,0x92,
0x29,0xff,0x00,0x98,0x8f,0xc3,0x1f,0xfc,0x93,0x47,0xfc,0x3b,0xc7,0xfe,0x0b,0xab,
0xff,0x00,0x49,0x14,0xff,0x00,0xcc,0x47,0xe1,0x8f,0xfe,0x49,0xaf,0xdf,0xca,0x28,
0x03,0xf0,0x0f,0xfe,0x1d,0xe3,0xff,0x00,0x05,0xd5,0xff,0x00,0xa4,0x8a,0x7f,0xe6,
0x23,0xf0,0xc7,0xff,0x00,0x24,0xd1,0xff,0x00,0x0e,0xf1,0xff,0x00,0x82,0xea,0xff,
0x00,0xd2,0x45,0x3f,0xf3,0x11,0xf8,0x63,0xff,0x00,0x92,0x6b,0xf7,0xf2,0x8a,0x00,
0xfc,0x03,0xff,0x00,0x87,0x78,0xff,0x00,0xc1,0x75,0x7f,0xe9,0x22,0x9f,0xf9,0x88,
0xfc,0x31,0xff,0x00,0xc9,0x34,0x7f,0xc3,0xbc,0x7f,0xe0,0xba,0xbf,0xf4,0x91,0x4f,
0xfc,0xc4,0x7e,0x18,0xff,0x00,0xe4,0x9a,0xfd,0xfc,0xa2,0x80,0x3f,0x00,0xff,0x00,
0xe1,0xde,0x3f,0xf0,0x5d,0x5f,0xfa,0x48,0xa7,0xfe,0x62,0x3f,0x0c,0x7f,0xf2,0x4d,
0x1f,0xf0,0xef,0x1f,0xf8,0x2e,0xaf,0xfd,0x24,0x53,0xff,0x00,0x31,0x1f,0x86,0x3f,
0xf9,0x26,0xbf,0x7f,0x28,0xa0,0x0f,0xc0,0x3f,0xf8,0x77,0x8f,0xfc,0x17,0x57,0xfe,
0x92,0x29,0xff,0x00,0x98,0x8f,0xc3,0x1f,0xfc,0x93,0x47,0xfc,0x3b,0xc7,0xfe,0x0b,
0xab,0xff,0x00,0x49,0x14,0xff,0x00,0xcc,0x47,0xe1,0x8f,0xfe,0x49,0xaf,0xdf,0xca,
0x28,0x03,0xf0,0x0f,0xfe,0x1d,0xe3,0xff,0x00,0x05,0xd5,0xff,0x00,0xa4,0x8a,0x7f,
0xe6,0x23,0xf0,0xc7,0xff,0x00,0x24,0xd1,0xff,0x00,0x0e,0xf1,0xff,0x00,0x82,0xea,
0xff,0x00,0xd2,0x45,0x3f,0xf3,0x11,0xf8,0x63,0xff,0x00,0x92,0x6b,0xf7,0xf2,0x8a,
0x00,0xfc,0x03,0xff,0x00,0x87,0x78,0xff,0x00,0xc1,0x75,0x7f,0xe9,0x22,0x9f,0xf9,
0x88,0xfc,0x31,0xff,0x00,0xc9,0x34,0x7f,0xc3,0xbc,0x7f,0xe0,0xba,0xbf,0xf4,0x91,
0x4f,0xfc,0xc4,0x7e,0x18,0xff,0x00,0xe4,0x9a,0xfd,0xfc,0xa2,0x80,0x3f,0x00,0xff,
0x00,0xe1,0xde,0x3f,0xf0,0x5d,0x5f,0xfa,0x48,0xa7,0xfe,0x62,0x3f,0x0c,0x7f,0xf2,
0x4d,0x1f,0xf0,0xef,0x1f,0xf8,0x2e,0xaf,0xfd,0x24,0x53,0xff,0x00,0x31,0x1f,0x86,
0x3f,0xf9,0x26,0xbf,0x7f,0x28,0xa0,0x0f,0xc0,0x3f,0xf8,0x77,0x8f,0xfc,0x17,0x57,
0xfe,0x92,0x29,0xff,0x00,0x98,0x8f,0xc3,0x1f,0xfc,0x93,0x47,0xfc,0x3b,0xc7,0xfe,
0x0b,0xab,0xff,0x00,0x49,0x14,0xff,0x00,0xcc,0x47,0xe1,0x8f,0xfe,0x49,0xaf,0xdf,
0xca,0x28,0x03,0xf0,0x0f,0xfe,0x1d,0xe3,0xff,0x00,0x05,0xd5,0xff,0x00,0xa4,0x8a,
0x7f,0xe6,0x23,0xf0,0xc7,0xff,0x00,0x24,0xd1,0xff,0x00,0x0e,0xf1,0xff,0x00,0x82,
0xea,0xff,0x00,0xd2,0x45,0x3f,0xf3,0x11,0xf8,0x63,0xff,0x00,0x92,0x6b,0xf7,0xf2,
0x8a,0x00,0xfc,0x03,0xff,0x00,0x87,0x78,0xff,0x00,0xc1,0x75,0x7f,0xe9,0x22,0x9f,
0xf9,0x88,0xfc,0x31,0xff,0x00,0xc9,0x34,0x7f,0xc3,0xbc,0x7f,0xe0,0xba,0xbf,0xf4,
0x91,0x4f,0xfc,0xc4,0x7e,0x18,0xff,0x00,0xe4,0x9a,0xfd,0xfc,0xa2,0x80,0x3f,0x00,
0xff,0x00,0xe1,0xde,0x3f,0xf0,0x5d,0x5f,0xfa,0x48,0xa7,0xfe,0x62,0x3f,0x0c,0x7f,
0xf2,0x4d,0x1f,0xf0,0xef,0x1f,0xf8,0x2e,0xaf,0xfd,0x24,0x53,0xff,0x00,0x31,0x1f,
0x86,0x3f,0xf9,0x26,0xbf,0x7f,0x28,0xa0,0x0f,0xc0,0x3f,0xf8,0x77,0x8f,0xfc,0x17,
0x57,0xfe,0x92,0x29,0xff,0x00,0x98,0x8f,0xc3,0x1f,0xfc,0x93,0x47,0xfc,0x3b,0xc7,
0xfe,0x0b,0xab,0xff,0x00,0x49,0x14,0xff,0x00,0xcc,0x47,0xe1,0x8f,0xfe,0x49,0xaf,
0xdf,0xca,0x28,0x03,0xf0,0x0f,0xfe,0x1d,0xe3,0xff,0x00,0x05,0xd5,0xff,0x00,0xa4,
0x8a,0x7f,0xe6,0x23,0xf0,0xc7,0xff,0x00,0x24,0xd1,0xff,0x00,0x0e,0xf1,0xff,0x00,
0x82,0xea,0xff,0x00,0xd2,0x45,0x3f,0xf3,0x11,0xf8,0x63,0xff,0x00,0x92,0x6b,0xf7,
0xf2,0x8a,0x00,0xfc,0x03,0xff,0x00,0x87,0x78,0xff,0x00,0xc1,0x75,0x7f,0xe9,0x22,
0x9f,0xf9,0x88,0xfc,0x31,0xff,0x00,0xc9,0x34,0x7f,0xc3,0xbc,0x7f,0xe0,0xba,0xbf,
0xf4,0x91,0x4f,0xfc,0xc4,0x7e,0x18,0xff,0x00,0xe4,0x9a,0xfd,0xfc,0xa2,0x80,0x3f,
0x00,0xff,0x00,0xe1,0xde,0x3f,0xf0,0x5d,0x5f,0xfa,0x48,0xa7,0xfe,0x62,0x3f,0x0c,
0x7f,0xf2,0x4d,0x1f,0xf0,0xef,0x1f,0xf8,0x2e,0xaf,0xfd,0x24,0x53,0xff,0x00,0x31,
0x1f,0x86,0x3f,0xf9,0x26,0xbf,0x7f,0x28,0xa0,0x0f,0xc0,0x3f,0xf8,0x77,0x8f,0xfc,
0x17,0x57,0xfe,0x92,0x29,0xff,0x00,0x98,0x8f,0xc3,0x1f,0xfc,0x93,0x47,0xfc,0x3b,
0xc7,0xfe,0x0b,0xab,0xff,0x00,0x49,0x14,0xff,0x00,0xcc,0x47,0xe1,0x8f,0xfe,0x49,
0xaf,0xdf,0xca,0x28,0x03,0xf0,0x0f,0xfe,0x1d,0xe3,0xff,0x00,0x05,0xd5,0xff,0x00,
0xa4,0x8a,0x7f,0xe6,0x23,0xf0,0xc7,0xff,0x00,0x24,0xd1,0xff,0x00,0x0e,0xf1,0xff,
0x00,0x82,0xea,0xff,0x00,0xd2,0x45,0x3f,0xf3,0x11,0xf8,0x63,0xff,0x00,0x92,0x6b,
0xf7,0xf2,0x8a,0x00,0xfc,0x03,0xff,0x00,0x87,0x78,0xff,0x00,0xc1,0x75,0x7f,0xe9,
0x22,0x9f,0xf9,0x88,0xfc,0x31,0xff,0x00,0xc9,0x34,0x7f,0xc3,0xbc,0x7f,0xe0,0xba,
0xbf,0xf4,0x91,0x4f,0xfc,0xc4,0x7e,0x18,0xff,0x00,0xe4,0x9a,0xfd,0xfc,0xa2,0x80,
0x3f,0x00,0xff,0x00,0xe1,0xde,0x3f,0xf0,0x5d,0x5f,0xfa,0x48,0xa7,0xfe,0x62,0x3f,
0x0c,0x7f,0xf2,0x4d,0x1f,0xf0,0xef,0x1f,0xf8,0x2e,0xaf,0xfd,0x24,0x53,0xff,0x00,
0x31,0x1f,0x86,0x3f,0xf9,0x26,0xbf,0x7f,0x28,0xa0,0x0f,0xc0,0x3f,0xf8,0x77,0x8f,
0xfc,0x17,0x57,0xfe,0x92,0x29,0xff,0x00,0x98,0x8f,0xc3,0x1f,0xfc,0x93,0x47,0xfc,
0x3b,0xc7,0xfe,0x0b,0xab,0xff,0x00,0x49,0x14,0xff,0x00,0xcc,0x47,0xe1,0x8f,0xfe,
0x49,0xaf,0xdf,0xca,0x28,0x03,0xf0,0x0f,0xfe,0x1d,0xe3,0xff,0x00,0x05,0xd5,0xff,
0x00,0xa4,0x8a,0x7f,0xe6,0x23,0xf0,0xc7,0xff,0x00,0x24,0xd1,0xff,0x00,0x0e,0xf1,
0xff,0x00,0x82,0xea,0xff,0x00,0xd2,0x45,0x3f,0xf3,0x11,0xf8,0x63,0xff,0x00,0x92,
0x6b,0xf7,0xf2,0x8a,0x00,0xfc,0x03,0xff,0x00,0x87,0x78,0xff,0x00,0xc1,0x75,0x7f,
0xe9,0x22,0x9f,0xf9,0x88,0xfc,0x31,0xff,0x00,0xc9,0x34,0x7f,0xc3,0xbc,0x7f,0xe0,
0xba,0xbf,0xf4,0x91,0x4f,0xfc,0xc4,0x7e,0x18,0xff,0x00,0xe4,0x9a,0xfd,0xfc,0xa2,
0x80,0x3f,0x00,0xff,0x00,0xe1,0xde,0x3f,0xf0,0x5d,0x5f,0xfa,0x48,0xa7,0xfe,0x62,
0x3f,0x0c,0x7f,0xf2,0x4d,0x1f,0xf0,0xef,0x1f,0xf8,0x2e,0xaf,0xfd,0x24,0x53,0xff,
0x00,0x31,0x1f,0x86,0x3f,0xf9,0x26,0xbf,0x7f,0x28,0xa0,0x0f,0xc0,0x3f,0xf8,0x77,
0x8f,0xfc,0x17,0x57,0xfe,0x92,0x29,0xff,0x00,0x98,0x8f,0xc3,0x1f,0xfc,0x93,0x47,
0xfc,0x3b,0xc7,0xfe,0x0b,0xab,0xff,0x00,0x49,0x14,0xff,0x00,0xcc,0x47,0xe1,0x8f,
0xfe,0x49,0xaf,0xdf,0xca,0x28,0x03,0xf0,0x0f,0xfe,0x1d,0xe3,0xff,0x00,0x05,0xd5,
0xff,0x00,0xa4,0x8a,0x7f,0xe6,0x23,0xf0,0xc7,0xff,0x00,0x24,0xd1,0xff,0x00,0x0e,
0xf1,0xff,0x00,0x82,0xea,0xff,0x00,0xd2,0x45,0x3f,0xf3,0x11,0xf8,0x63,0xff,0x00,
0x92,0x6b,0xf7,0xf2,0x8a,0x00,0xfc,0x03,0xff,0x00,0x87,0x78,0xff,0x00,0xc1,0x75,
0x7f,0xe9,0x22,0x9f,0xf9,0x88,0xfc,0x31,0xff,0x00,0xc9,0x34,0x7f,0xc3,0xbc,0x7f,
0xe0,0xba,0xbf,0xf4,0x91,0x4f,0xfc,0xc4,0x7e,0x18,0xff,0x00,0xe4,0x9a,0xfd,0xfc,
0xa2,0x80,0x3f,0x98,0x1f,0xda,0x8b,0xfe,0x08,0x9f,0xff,0x00,0x05,0x5f,0xfd,0xb4,
0x3e,0x05,0xeb,0x9f,0xb3,0x47,0xed,0x2b,0xfb,0x7b,0x7f,0xc2,0x49,0xe0,0x8f,0x12,
0x7d,0x97,0xfb,0x47,0x4d,0xff,0x00,0x85,0x59,0xa1,0x59,0xf9,0xdf,0x63,0xb9,0x8a,
0xf2,0x0f,0xdf,0xd9,0xdf,0x41,0x3a,0x6c,0x9e,0x08,0xdf,0xe4,0x91,0x73,0xb7,0x69,
0xca,0x92,0x0f,0xf4,0xfd,0x45,0x14,0x00,0x51,0x45,0x14,0x01,0xff,0xd0,0xfe,0xfe,
0x28,0xa2,0x8a,0x00,0x28,0xa2,0x8a,0x00,0x28,0xa2,0x8a,0x00,0x28,0xa2,0x8a,0x00,
0x28,0xa2,0x8a,0x00,0x28,0xa2,0x8a,0x00,0x28,0xa2,0x8a,0x00,0x28,0xa2,0x8a,0x00,
0x28,0xa2,0x8a,0x00,0x28,0xa2,0x8a,0x00,0x28,0xa2,0x8a,0x00,0x28,0xa2,0x8a,0x00,
0x28,0xa2,0x8a,0x00,0x28,0xa2,0x8a,0x00,0x28,0xa2,0x8a,0x00,0x28,0xa2,0x8a,0x00,
0x28,0xa2,0x8a,0x00,0x28,0xa2,0x8a,0x00,0x28,0xa2,0x8a,0x00,0x28,0xa2,0x8a,0x00,
0x28,0xa2,0x8a,0x00,0x28,0xa2,0x8a,0x00,0x28,0xa2,0x8a,0x00,0x28,0xa2,0x8a,0x00,
0x28,0xa2,0x8a,0x00,0x28,0xa2,0x8a,0x00,0x28,0xa2,0x8a,0x00,0x28,0xa2,0x8a,0x00,
0x28,0xa2,0x8a,0x00,0x28,0xa2,0x8a,0x00,0x28,0xa2,0x8a,0x00,0x28,0xa2,0x8a,0x00,
0x28,0xa2,0x8a,0x00,0x28,0xa2,0x8a,0x00,0x28,0xa2,0x8a,0x00,0xff,0xd9,
}